{
"lengthUnit": "mil",
"components": {
	"fields": ["COMPONENT_NO", "COMPONENT_NAME", "LAYER", "X_COORDINATE", "Y_COORDINATE", "ANGLE"],
	"rows": [
		[1, "C1", "T", 1450, -1220, 0],
		[2, "C2", "T", 2080, -2550, 270],
		[3, "C3", "T", 2070, -3250, 90],
		[4, "C4", "T", 3170, -1895, 0],
		[5, "D1", "T", 3750, -2100, 0],
		[6, "D2", "T", 4390, -2100, 0],
		[7, "D3", "T", 5020, -2100, 0],
		[8, "D4", "T", 5675, -2105, 0],
		[9, "D5", "T", 6350, -2115, 0],
		[10, "D6", "T", 7010, -2115, 0],
		[11, "D7", "T", 7665, -2115, 0],
		[12, "D8", "T", 3765, -2925, 0],
		[13, "D9", "T", 4395, -2925, 0],
		[14, "D10", "T", 5025, -2925, 0],
		[15, "D11", "T", 5685, -2940, 0],
		[16, "D12", "T", 6350, -2945, 0],
		[17, "D13", "T", 7000, -2940, 0],
		[18, "D14", "T", 7670, -2945, 0],
		[19, "D15", "T", 3765, -3760, 0],
		[20, "D16", "T", 4400, -3760, 0],
		[21, "D17", "T", 5020, -3760, 0],
		[22, "D18", "T", 5685, -3765, 0],
		[23, "D19", "T", 6360, -3775, 0],
		[24, "D20", "T", 7005, -3770, 0],
		[25, "D21", "T", 7675, -3770, 0],
		[26, "D22", "T", 3765, -4595, 0],
		[27, "D23", "T", 4400, -4595, 0],
		[28, "D24", "T", 5020, -4595, 0],
		[29, "D25", "T", 5690, -4600, 0],
		[30, "D26", "T", 6360, -4610, 0],
		[31, "D27", "T", 7005, -4605, 0],
		[32, "D28", "T", 7680, -4605, 0],
		[33, "D29", "T", 3765, -5430, 0],
		[34, "D30", "T", 4405, -5430, 0],
		[35, "D31", "T", 5025, -5435, 0],
		[36, "D32", "T", 5690, -5440, 0],
		[37, "D33", "T", 6360, -5445, 0],
		[38, "D34", "T", 7005, -5440, 0],
		[39, "D35", "T", 7685, -5440, 0],
		[40, "D36", "T", 3760, -6265, 0],
		[41, "D37", "T", 4400, -6265, 0],
		[42, "D38", "T", 5025, -6270, 0],
		[43, "D39", "T", 5685, -6275, 0],
		[44, "D40", "T", 6365, -6285, 0],
		[45, "D41", "T", 7005, -6280, 0],
		[46, "D42", "T", 7705, -6275, 0],
		[47, "D43", "T", 2945.28, -1750, 90],
		[48, "J1", "T", 950, -1035, 270],
		[49, "J2", "B", 3120, -950, 0],
		[50, "J3", "B", 4015, -945, 0],
		[51, "J4", "T", 4950, -975, 270],
		[52, "J5", "T", 5465, -975, 270],
		[53, "J6", "T", 5955, -975, 270],
		[54, "J7", "T", 6455, -975, 270],
		[55, "J8", "T", 6955, -975, 270],
		[56, "J9", "T", 7455, -975, 270],
		[57, "J10", "T", 1350, -2350, 0],
		[58, "R1", "T", 2275, -1910, 0],
		[59, "R2", "T", 2255, -1675, 0],
		[60, "R3", "T", 2529.13, -1500, 180],
		[61, "R4", "T", 3175, -1535, 0],
		[62, "R5", "T", 3123.03, -2117.09, 0],
		[63, "R6", "T", 3123.03, -2217.88, 0],
		[64, "R7", "T", 3123.03, -2317.09, 0],
		[65, "R8", "T", 3123.03, -2417.09, 0],
		[66, "R9", "T", 3123.03, -2517.09, 0],
		[67, "R10", "T", 3123.03, -2617.09, 0],
		[68, "R11", "T", 3123.03, -2717.09, 0],
		[69, "R12", "T", 2405, -3052.68, 90],
		[70, "R13", "T", 2505, -3052.68, 90],
		[71, "R14", "T", 2605, -3052.68, 90],
		[72, "R15", "T", 2705, -3052.68, 90],
		[73, "R16", "T", 2805, -3052.68, 90],
		[74, "R17", "T", 2905, -3052.68, 90],
		[75, "R18", "T", 3005, -3052.68, 90],
		[76, "RV1", "T", 1220, -5030, 0],
		[77, "RV2", "T", 1220, -4465, 0],
		[78, "RV3", "T", 1225, -3870, 0],
		[79, "SW1", "T", 3755, -1715, 180],
		[80, "SW2", "T", 4390, -1715, 180],
		[81, "SW3", "T", 5030, -1715, 180],
		[82, "SW4", "T", 5670, -1715, 180],
		[83, "SW5", "T", 6345, -1720, 180],
		[84, "SW6", "T", 7010, -1715, 180],
		[85, "SW7", "T", 7660, -1715, 180],
		[86, "SW8", "T", 3755, -2520, 180],
		[87, "SW9", "T", 4390, -2520, 180],
		[88, "SW10", "T", 5030, -2525, 180],
		[89, "SW11", "T", 5680, -2530, 180],
		[90, "SW12", "T", 6350, -2540, 180],
		[91, "SW13", "T", 7005, -2540, 180],
		[92, "SW14", "T", 7665, -2540, 180],
		[93, "SW15", "T", 3760, -3345, 180],
		[94, "SW16", "T", 4390, -3345, 180],
		[95, "SW17", "T", 5020, -3350, 180],
		[96, "SW18", "T", 5680, -3360, 180],
		[97, "SW19", "T", 6360, -3365, 180],
		[98, "SW20", "T", 7005, -3365, 180],
		[99, "SW21", "T", 7670, -3365, 180],
		[100, "SW22", "T", 3760, -4180, 180],
		[101, "SW23", "T", 4395, -4180, 180],
		[102, "SW24", "T", 5020, -4180, 180],
		[103, "SW25", "T", 5690, -4185, 180],
		[104, "SW26", "T", 6360, -4195, 180],
		[105, "SW27", "T", 7005, -4190, 180],
		[106, "SW28", "T", 7675, -4190, 180],
		[107, "SW29", "T", 3760, -5015, 180],
		[108, "SW30", "T", 4400, -5015, 180],
		[109, "SW31", "T", 5025, -5020, 180],
		[110, "SW32", "T", 5690, -5020, 180],
		[111, "SW33", "T", 6365, -5030, 180],
		[112, "SW34", "T", 7005, -5025, 180],
		[113, "SW35", "T", 7680, -5025, 180],
		[114, "SW36", "T", 3765, -5850, 180],
		[115, "SW37", "T", 4400, -5850, 180],
		[116, "SW38", "T", 5020, -5855, 180],
		[117, "SW39", "T", 5690, -5860, 180],
		[118, "SW40", "T", 6365, -5870, 180],
		[119, "SW41", "T", 7005, -5860, 180],
		[120, "SW42", "T", 7680, -5860, 180],
		[121, "SW43", "T", 2225, -4465, 180],
		[122, "SW44", "T", 1995, -5000, 180],
		[123, "SW45", "T", 2225, -5545, 180],
		[124, "SW46", "T", 2995, -5545, 180],
		[125, "SW47", "T", 2820, -5000, 180],
		[126, "SW48", "T", 2985, -4460, 180],
		[127, "SW49", "T", 1610, -950, 180],
		[128, "U1", "T", 1350, -1695, 90],
		[129, "U2", "T", 2540, -2375, 90],
		[130, "U3", "T", 1895, -3750, 90],
		[131, "U4", "T", 2035, -2210, 270],
		[132, "U5", "T", 2645, -1775, 90]
	]
},
"pins": {
	"fields": ["PIN_NO", "PIN_NAME", "PIN_X", "PIN_Y", "LAYER", "PIN_TYPE", "NET_NAME", "NET_TYPE", "PAD_SHAPE", "PAD_SIZEX", "PAD_SIZEY", "HOLE_SIZE", "PAD_ANGLE"],
	"rows": [
		[1, "C1_1", 1351.58, -1220, "T", "DIP", "GND", "GND", "C", 55.12, 55.12, 31.5, 0],
		[2, "C1_1", 1351.58, -1220, "B", "DIP", "GND", "GND", "C", 55.12, 55.12, 31.5, 0],
		[3, "C1_2", 1548.42, -1220, "T", "DIP", "$1N122", "", "C", 55.12, 55.12, 31.5, 0],
		[4, "C1_2", 1548.42, -1220, "B", "DIP", "$1N122", "", "C", 55.12, 55.12, 31.5, 0],
		[5, "C2_1", 2080, -2450, "T", "DIP", "5VDC", "", "C", 62.99, 62.99, 39.37, 270],
		[6, "C2_1", 2080, -2450, "B", "DIP", "5VDC", "", "C", 62.99, 62.99, 39.37, 270],
		[7, "C2_2", 2080, -2650, "T", "DIP", "GND", "GND", "C", 62.99, 62.99, 39.37, 270],
		[8, "C2_2", 2080, -2650, "B", "DIP", "GND", "GND", "C", 62.99, 62.99, 39.37, 270],
		[9, "C3_1", 2070, -3350, "T", "DIP", "GND", "GND", "C", 62.99, 62.99, 39.37, 90],
		[10, "C3_1", 2070, -3350, "B", "DIP", "GND", "GND", "C", 62.99, 62.99, 39.37, 90],
		[11, "C3_2", 2070, -3150, "T", "DIP", "3VDC", "", "C", 62.99, 62.99, 39.37, 90],
		[12, "C3_2", 2070, -3150, "B", "DIP", "3VDC", "", "C", 62.99, 62.99, 39.37, 90],
		[13, "C4_1", 3070, -1895, "T", "DIP", "GND", "GND", "C", 62.99, 62.99, 39.37, 0],
		[14, "C4_1", 3070, -1895, "B", "DIP", "GND", "GND", "C", 62.99, 62.99, 39.37, 0],
		[15, "C4_2", 3270, -1895, "T", "DIP", "3VDC", "", "C", 62.99, 62.99, 39.37, 0],
		[16, "C4_2", 3270, -1895, "B", "DIP", "3VDC", "", "C", 62.99, 62.99, 39.37, 0],
		[17, "D1_1", 3690.95, -2198.43, "T", "SMD", "5VDC", "", "R", 59.05, 39.37, 0, 90],
		[18, "D1_2", 3809.05, -2198.43, "T", "SMD", "$1N147", "", "R", 59.05, 39.37, 0, 90],
		[19, "D1_3", 3809.05, -2001.58, "T", "SMD", "$1N74", "", "R", 59.05, 39.37, 0, 90],
		[20, "D1_4", 3690.95, -2001.58, "T", "SMD", "LEDCNTRL", "", "R", 59.05, 39.37, 0, 90],
		[21, "D2_1", 4330.95, -2198.43, "T", "SMD", "$1N74", "", "R", 59.05, 39.37, 0, 90],
		[22, "D2_2", 4449.05, -2198.43, "T", "SMD", "$1N78", "", "R", 59.05, 39.37, 0, 90],
		[23, "D2_3", 4449.05, -2001.58, "T", "SMD", "$1N71", "", "R", 59.05, 39.37, 0, 90],
		[24, "D2_4", 4330.95, -2001.58, "T", "SMD", "$1N147", "", "R", 59.05, 39.37, 0, 90],
		[25, "D3_1", 4960.95, -2198.43, "T", "SMD", "$1N71", "", "R", 59.05, 39.37, 0, 90],
		[26, "D3_2", 5079.05, -2198.43, "T", "SMD", "$1N112", "", "R", 59.05, 39.37, 0, 90],
		[27, "D3_3", 5079.05, -2001.58, "T", "SMD", "$1N12", "", "R", 59.05, 39.37, 0, 90],
		[28, "D3_4", 4960.95, -2001.58, "T", "SMD", "$1N78", "", "R", 59.05, 39.37, 0, 90],
		[29, "D4_1", 5615.95, -2203.43, "T", "SMD", "$1N12", "", "R", 59.05, 39.37, 0, 90],
		[30, "D4_2", 5734.05, -2203.43, "T", "SMD", "$1N124", "", "R", 59.05, 39.37, 0, 90],
		[31, "D4_3", 5734.05, -2006.58, "T", "SMD", "$1N8", "", "R", 59.05, 39.37, 0, 90],
		[32, "D4_4", 5615.95, -2006.58, "T", "SMD", "$1N112", "", "R", 59.05, 39.37, 0, 90],
		[33, "D5_1", 6290.95, -2213.43, "T", "SMD", "$1N8", "", "R", 59.05, 39.37, 0, 90],
		[34, "D5_2", 6409.05, -2213.43, "T", "SMD", "$1N128", "", "R", 59.05, 39.37, 0, 90],
		[35, "D5_3", 6409.05, -2016.58, "T", "SMD", "$1N37", "", "R", 59.05, 39.37, 0, 90],
		[36, "D5_4", 6290.95, -2016.58, "T", "SMD", "$1N124", "", "R", 59.05, 39.37, 0, 90],
		[37, "D6_1", 6950.95, -2213.43, "T", "SMD", "$1N37", "", "R", 59.05, 39.37, 0, 90],
		[38, "D6_2", 7069.05, -2213.43, "T", "SMD", "$1N141", "", "R", 59.05, 39.37, 0, 90],
		[39, "D6_3", 7069.05, -2016.58, "T", "SMD", "$1N54", "", "R", 59.05, 39.37, 0, 90],
		[40, "D6_4", 6950.95, -2016.58, "T", "SMD", "$1N128", "", "R", 59.05, 39.37, 0, 90],
		[41, "D7_1", 7605.95, -2213.43, "T", "SMD", "$1N54", "", "R", 59.05, 39.37, 0, 90],
		[42, "D7_2", 7724.05, -2213.43, "T", "SMD", "$1N61", "", "R", 59.05, 39.37, 0, 90],
		[43, "D7_3", 7724.05, -2016.58, "T", "SMD", "$1N30", "", "R", 59.05, 39.37, 0, 90],
		[44, "D7_4", 7605.95, -2016.58, "T", "SMD", "$1N141", "", "R", 59.05, 39.37, 0, 90],
		[45, "D8_1", 3705.95, -3023.42, "T", "SMD", "$1N30", "", "R", 59.05, 39.37, 0, 90],
		[46, "D8_2", 3824.05, -3023.42, "T", "SMD", "$1N139", "", "R", 59.05, 39.37, 0, 90],
		[47, "D8_3", 3824.05, -2826.58, "T", "SMD", "$1N58", "", "R", 59.05, 39.37, 0, 90],
		[48, "D8_4", 3705.95, -2826.58, "T", "SMD", "$1N61", "", "R", 59.05, 39.37, 0, 90],
		[49, "D9_1", 4335.95, -3023.42, "T", "SMD", "$1N58", "", "R", 59.05, 39.37, 0, 90],
		[50, "D9_2", 4454.05, -3023.42, "T", "SMD", "$1N148", "", "R", 59.05, 39.37, 0, 90],
		[51, "D9_3", 4454.05, -2826.58, "T", "SMD", "$1N31", "", "R", 59.05, 39.37, 0, 90],
		[52, "D9_4", 4335.95, -2826.58, "T", "SMD", "$1N139", "", "R", 59.05, 39.37, 0, 90],
		[53, "D10_1", 4965.95, -3023.42, "T", "SMD", "$1N31", "", "R", 59.05, 39.37, 0, 90],
		[54, "D10_2", 5084.05, -3023.42, "T", "SMD", "$1N151", "", "R", 59.05, 39.37, 0, 90],
		[55, "D10_3", 5084.05, -2826.58, "T", "SMD", "$1N25", "", "R", 59.05, 39.37, 0, 90],
		[56, "D10_4", 4965.95, -2826.58, "T", "SMD", "$1N148", "", "R", 59.05, 39.37, 0, 90],
		[57, "D11_1", 5625.95, -3038.42, "T", "SMD", "$1N25", "", "R", 59.05, 39.37, 0, 90],
		[58, "D11_2", 5744.05, -3038.42, "T", "SMD", "$1N131", "", "R", 59.05, 39.37, 0, 90],
		[59, "D11_3", 5744.05, -2841.58, "T", "SMD", "$1N17", "", "R", 59.05, 39.37, 0, 90],
		[60, "D11_4", 5625.95, -2841.58, "T", "SMD", "$1N151", "", "R", 59.05, 39.37, 0, 90],
		[61, "D12_1", 6290.95, -3043.42, "T", "SMD", "$1N17", "", "R", 59.05, 39.37, 0, 90],
		[62, "D12_2", 6409.05, -3043.42, "T", "SMD", "$1N51", "", "R", 59.05, 39.37, 0, 90],
		[63, "D12_3", 6409.05, -2846.58, "T", "SMD", "$1N123", "", "R", 59.05, 39.37, 0, 90],
		[64, "D12_4", 6290.95, -2846.58, "T", "SMD", "$1N131", "", "R", 59.05, 39.37, 0, 90],
		[65, "D13_1", 6940.95, -3038.42, "T", "SMD", "$1N123", "", "R", 59.05, 39.37, 0, 90],
		[66, "D13_2", 7059.05, -3038.42, "T", "SMD", "$1N32", "", "R", 59.05, 39.37, 0, 90],
		[67, "D13_3", 7059.05, -2841.58, "T", "SMD", "$1N60", "", "R", 59.05, 39.37, 0, 90],
		[68, "D13_4", 6940.95, -2841.58, "T", "SMD", "$1N51", "", "R", 59.05, 39.37, 0, 90],
		[69, "D14_1", 7610.95, -3043.42, "T", "SMD", "$1N60", "", "R", 59.05, 39.37, 0, 90],
		[70, "D14_2", 7729.05, -3043.42, "T", "SMD", "$1N56", "", "R", 59.05, 39.37, 0, 90],
		[71, "D14_3", 7729.05, -2846.58, "T", "SMD", "$1N132", "", "R", 59.05, 39.37, 0, 90],
		[72, "D14_4", 7610.95, -2846.58, "T", "SMD", "$1N32", "", "R", 59.05, 39.37, 0, 90],
		[73, "D15_1", 3705.95, -3858.42, "T", "SMD", "$1N132", "", "R", 59.05, 39.37, 0, 90],
		[74, "D15_2", 3824.05, -3858.42, "T", "SMD", "$1N4", "", "R", 59.05, 39.37, 0, 90],
		[75, "D15_3", 3824.05, -3661.58, "T", "SMD", "$1N34", "", "R", 59.05, 39.37, 0, 90],
		[76, "D15_4", 3705.95, -3661.58, "T", "SMD", "$1N56", "", "R", 59.05, 39.37, 0, 90],
		[77, "D16_1", 4340.95, -3858.42, "T", "SMD", "$1N34", "", "R", 59.05, 39.37, 0, 90],
		[78, "D16_2", 4459.05, -3858.42, "T", "SMD", "$1N146", "", "R", 59.05, 39.37, 0, 90],
		[79, "D16_3", 4459.05, -3661.58, "T", "SMD", "$1N68", "", "R", 59.05, 39.37, 0, 90],
		[80, "D16_4", 4340.95, -3661.58, "T", "SMD", "$1N4", "", "R", 59.05, 39.37, 0, 90],
		[81, "D17_1", 4960.95, -3858.42, "T", "SMD", "$1N68", "", "R", 59.05, 39.37, 0, 90],
		[82, "D17_2", 5079.05, -3858.42, "T", "SMD", "$1N93", "", "R", 59.05, 39.37, 0, 90],
		[83, "D17_3", 5079.05, -3661.58, "T", "SMD", "$1N29", "", "R", 59.05, 39.37, 0, 90],
		[84, "D17_4", 4960.95, -3661.58, "T", "SMD", "$1N146", "", "R", 59.05, 39.37, 0, 90],
		[85, "D18_1", 5625.95, -3863.42, "T", "SMD", "$1N29", "", "R", 59.05, 39.37, 0, 90],
		[86, "D18_2", 5744.05, -3863.42, "T", "SMD", "$1N127", "", "R", 59.05, 39.37, 0, 90],
		[87, "D18_3", 5744.05, -3666.58, "T", "SMD", "$1N20", "", "R", 59.05, 39.37, 0, 90],
		[88, "D18_4", 5625.95, -3666.58, "T", "SMD", "$1N93", "", "R", 59.05, 39.37, 0, 90],
		[89, "D19_1", 6300.95, -3873.42, "T", "SMD", "$1N20", "", "R", 59.05, 39.37, 0, 90],
		[90, "D19_2", 6419.05, -3873.42, "T", "SMD", "$1N38", "", "R", 59.05, 39.37, 0, 90],
		[91, "D19_3", 6419.05, -3676.58, "T", "SMD", "$1N92", "", "R", 59.05, 39.37, 0, 90],
		[92, "D19_4", 6300.95, -3676.58, "T", "SMD", "$1N127", "", "R", 59.05, 39.37, 0, 90],
		[93, "D20_1", 6945.95, -3868.42, "T", "SMD", "$1N92", "", "R", 59.05, 39.37, 0, 90],
		[94, "D20_2", 7064.05, -3868.42, "T", "SMD", "$1N39", "", "R", 59.05, 39.37, 0, 90],
		[95, "D20_3", 7064.05, -3671.58, "T", "SMD", "$1N26", "", "R", 59.05, 39.37, 0, 90],
		[96, "D20_4", 6945.95, -3671.58, "T", "SMD", "$1N38", "", "R", 59.05, 39.37, 0, 90],
		[97, "D21_1", 7615.95, -3868.42, "T", "SMD", "$1N26", "", "R", 59.05, 39.37, 0, 90],
		[98, "D21_2", 7734.05, -3868.42, "T", "SMD", "$1N45", "", "R", 59.05, 39.37, 0, 90],
		[99, "D21_3", 7734.05, -3671.58, "T", "SMD", "$1N70", "", "R", 59.05, 39.37, 0, 90],
		[100, "D21_4", 7615.95, -3671.58, "T", "SMD", "$1N39", "", "R", 59.05, 39.37, 0, 90],
		[101, "D22_1", 3705.95, -4693.42, "T", "SMD", "$1N70", "", "R", 59.05, 39.37, 0, 90],
		[102, "D22_2", 3824.05, -4693.42, "T", "SMD", "$1N13", "", "R", 59.05, 39.37, 0, 90],
		[103, "D22_3", 3824.05, -4496.58, "T", "SMD", "$1N107", "", "R", 59.05, 39.37, 0, 90],
		[104, "D22_4", 3705.95, -4496.58, "T", "SMD", "$1N45", "", "R", 59.05, 39.37, 0, 90],
		[105, "D23_1", 4340.95, -4693.42, "T", "SMD", "$1N107", "", "R", 59.05, 39.37, 0, 90],
		[106, "D23_2", 4459.05, -4693.42, "T", "SMD", "$1N133", "", "R", 59.05, 39.37, 0, 90],
		[107, "D23_3", 4459.05, -4496.58, "T", "SMD", "$1N11", "", "R", 59.05, 39.37, 0, 90],
		[108, "D23_4", 4340.95, -4496.58, "T", "SMD", "$1N13", "", "R", 59.05, 39.37, 0, 90],
		[109, "D24_1", 4960.95, -4693.42, "T", "SMD", "$1N11", "", "R", 59.05, 39.37, 0, 90],
		[110, "D24_2", 5079.05, -4693.42, "T", "SMD", "$1N152", "", "R", 59.05, 39.37, 0, 90],
		[111, "D24_3", 5079.05, -4496.58, "T", "SMD", "$1N43", "", "R", 59.05, 39.37, 0, 90],
		[112, "D24_4", 4960.95, -4496.58, "T", "SMD", "$1N133", "", "R", 59.05, 39.37, 0, 90],
		[113, "D25_1", 5630.95, -4698.42, "T", "SMD", "$1N43", "", "R", 59.05, 39.37, 0, 90],
		[114, "D25_2", 5749.05, -4698.42, "T", "SMD", "$1N94", "", "R", 59.05, 39.37, 0, 90],
		[115, "D25_3", 5749.05, -4501.58, "T", "SMD", "$1N64", "", "R", 59.05, 39.37, 0, 90],
		[116, "D25_4", 5630.95, -4501.58, "T", "SMD", "$1N152", "", "R", 59.05, 39.37, 0, 90],
		[117, "D26_1", 6300.95, -4708.42, "T", "SMD", "$1N64", "", "R", 59.05, 39.37, 0, 90],
		[118, "D26_2", 6419.05, -4708.42, "T", "SMD", "$1N121", "", "R", 59.05, 39.37, 0, 90],
		[119, "D26_3", 6419.05, -4511.58, "T", "SMD", "$1N5", "", "R", 59.05, 39.37, 0, 90],
		[120, "D26_4", 6300.95, -4511.58, "T", "SMD", "$1N94", "", "R", 59.05, 39.37, 0, 90],
		[121, "D27_1", 6945.95, -4703.42, "T", "SMD", "$1N5", "", "R", 59.05, 39.37, 0, 90],
		[122, "D27_2", 7064.05, -4703.42, "T", "SMD", "$1N136", "", "R", 59.05, 39.37, 0, 90],
		[123, "D27_3", 7064.05, -4506.58, "T", "SMD", "$1N79", "", "R", 59.05, 39.37, 0, 90],
		[124, "D27_4", 6945.95, -4506.58, "T", "SMD", "$1N121", "", "R", 59.05, 39.37, 0, 90],
		[125, "D28_1", 7620.95, -4703.42, "T", "SMD", "$1N79", "", "R", 59.05, 39.37, 0, 90],
		[126, "D28_2", 7739.05, -4703.42, "T", "SMD", "$1N90", "", "R", 59.05, 39.37, 0, 90],
		[127, "D28_3", 7739.05, -4506.58, "T", "SMD", "$1N138", "", "R", 59.05, 39.37, 0, 90],
		[128, "D28_4", 7620.95, -4506.58, "T", "SMD", "$1N136", "", "R", 59.05, 39.37, 0, 90],
		[129, "D29_1", 3705.95, -5528.42, "T", "SMD", "$1N138", "", "R", 59.05, 39.37, 0, 90],
		[130, "D29_2", 3824.05, -5528.42, "T", "SMD", "$1N125", "", "R", 59.05, 39.37, 0, 90],
		[131, "D29_3", 3824.05, -5331.58, "T", "SMD", "$1N7", "", "R", 59.05, 39.37, 0, 90],
		[132, "D29_4", 3705.95, -5331.58, "T", "SMD", "$1N90", "", "R", 59.05, 39.37, 0, 90],
		[133, "D30_1", 4345.95, -5528.42, "T", "SMD", "$1N7", "", "R", 59.05, 39.37, 0, 90],
		[134, "D30_2", 4464.05, -5528.42, "T", "SMD", "$1N134", "", "R", 59.05, 39.37, 0, 90],
		[135, "D30_3", 4464.05, -5331.58, "T", "SMD", "$1N65", "", "R", 59.05, 39.37, 0, 90],
		[136, "D30_4", 4345.95, -5331.58, "T", "SMD", "$1N125", "", "R", 59.05, 39.37, 0, 90],
		[137, "D31_1", 4965.95, -5533.42, "T", "SMD", "$1N65", "", "R", 59.05, 39.37, 0, 90],
		[138, "D31_2", 5084.05, -5533.42, "T", "SMD", "$1N75", "", "R", 59.05, 39.37, 0, 90],
		[139, "D31_3", 5084.05, -5336.58, "T", "SMD", "$1N19", "", "R", 59.05, 39.37, 0, 90],
		[140, "D31_4", 4965.95, -5336.58, "T", "SMD", "$1N134", "", "R", 59.05, 39.37, 0, 90],
		[141, "D32_1", 5630.95, -5538.42, "T", "SMD", "$1N19", "", "R", 59.05, 39.37, 0, 90],
		[142, "D32_2", 5749.05, -5538.42, "T", "SMD", "$1N46", "", "R", 59.05, 39.37, 0, 90],
		[143, "D32_3", 5749.05, -5341.58, "T", "SMD", "$1N33", "", "R", 59.05, 39.37, 0, 90],
		[144, "D32_4", 5630.95, -5341.58, "T", "SMD", "$1N75", "", "R", 59.05, 39.37, 0, 90],
		[145, "D33_1", 6300.95, -5543.42, "T", "SMD", "$1N33", "", "R", 59.05, 39.37, 0, 90],
		[146, "D33_2", 6419.05, -5543.42, "T", "SMD", "$1N66", "", "R", 59.05, 39.37, 0, 90],
		[147, "D33_3", 6419.05, -5346.58, "T", "SMD", "$1N62", "", "R", 59.05, 39.37, 0, 90],
		[148, "D33_4", 6300.95, -5346.58, "T", "SMD", "$1N46", "", "R", 59.05, 39.37, 0, 90],
		[149, "D34_1", 6945.95, -5538.42, "T", "SMD", "$1N62", "", "R", 59.05, 39.37, 0, 90],
		[150, "D34_2", 7064.05, -5538.42, "T", "SMD", "$1N23", "", "R", 59.05, 39.37, 0, 90],
		[151, "D34_3", 7064.05, -5341.58, "T", "SMD", "$1N82", "", "R", 59.05, 39.37, 0, 90],
		[152, "D34_4", 6945.95, -5341.58, "T", "SMD", "$1N66", "", "R", 59.05, 39.37, 0, 90],
		[153, "D35_1", 7625.95, -5538.42, "T", "SMD", "$1N82", "", "R", 59.05, 39.37, 0, 90],
		[154, "D35_2", 7744.05, -5538.42, "T", "SMD", "$1N1", "", "R", 59.05, 39.37, 0, 90],
		[155, "D35_3", 7744.05, -5341.58, "T", "SMD", "$1N40", "", "R", 59.05, 39.37, 0, 90],
		[156, "D35_4", 7625.95, -5341.58, "T", "SMD", "$1N23", "", "R", 59.05, 39.37, 0, 90],
		[157, "D36_1", 3700.95, -6363.42, "T", "SMD", "$1N40", "", "R", 59.05, 39.37, 0, 90],
		[158, "D36_2", 3819.05, -6363.42, "T", "SMD", "$1N57", "", "R", 59.05, 39.37, 0, 90],
		[159, "D36_3", 3819.05, -6166.58, "T", "SMD", "$1N15", "", "R", 59.05, 39.37, 0, 90],
		[160, "D36_4", 3700.95, -6166.58, "T", "SMD", "$1N1", "", "R", 59.05, 39.37, 0, 90],
		[161, "D37_1", 4340.95, -6363.42, "T", "SMD", "$1N15", "", "R", 59.05, 39.37, 0, 90],
		[162, "D37_2", 4459.05, -6363.42, "T", "SMD", "$1N142", "", "R", 59.05, 39.37, 0, 90],
		[163, "D37_3", 4459.05, -6166.58, "T", "SMD", "$1N96", "", "R", 59.05, 39.37, 0, 90],
		[164, "D37_4", 4340.95, -6166.58, "T", "SMD", "$1N57", "", "R", 59.05, 39.37, 0, 90],
		[165, "D38_1", 4965.95, -6368.42, "T", "SMD", "$1N96", "", "R", 59.05, 39.37, 0, 90],
		[166, "D38_2", 5084.05, -6368.42, "T", "SMD", "$1N149", "", "R", 59.05, 39.37, 0, 90],
		[167, "D38_3", 5084.05, -6171.58, "T", "SMD", "$1N27", "", "R", 59.05, 39.37, 0, 90],
		[168, "D38_4", 4965.95, -6171.58, "T", "SMD", "$1N142", "", "R", 59.05, 39.37, 0, 90],
		[169, "D39_1", 5625.95, -6373.42, "T", "SMD", "$1N27", "", "R", 59.05, 39.37, 0, 90],
		[170, "D39_2", 5744.05, -6373.42, "T", "SMD", "$1N126", "", "R", 59.05, 39.37, 0, 90],
		[171, "D39_3", 5744.05, -6176.58, "T", "SMD", "$1N108", "", "R", 59.05, 39.37, 0, 90],
		[172, "D39_4", 5625.95, -6176.58, "T", "SMD", "$1N149", "", "R", 59.05, 39.37, 0, 90],
		[173, "D40_1", 6305.95, -6383.42, "T", "SMD", "$1N108", "", "R", 59.05, 39.37, 0, 90],
		[174, "D40_2", 6424.05, -6383.42, "T", "SMD", "$1N145", "", "R", 59.05, 39.37, 0, 90],
		[175, "D40_3", 6424.05, -6186.58, "T", "SMD", "$1N59", "", "R", 59.05, 39.37, 0, 90],
		[176, "D40_4", 6305.95, -6186.58, "T", "SMD", "$1N126", "", "R", 59.05, 39.37, 0, 90],
		[177, "D41_1", 6945.95, -6378.42, "T", "SMD", "$1N59", "", "R", 59.05, 39.37, 0, 90],
		[178, "D41_2", 7064.05, -6378.42, "T", "SMD", "$1N144", "", "R", 59.05, 39.37, 0, 90],
		[179, "D41_3", 7064.05, -6181.58, "T", "SMD", "$1N63", "", "R", 59.05, 39.37, 0, 90],
		[180, "D41_4", 6945.95, -6181.58, "T", "SMD", "$1N145", "", "R", 59.05, 39.37, 0, 90],
		[181, "D42_1", 7645.95, -6373.42, "T", "SMD", "$1N63", "", "R", 59.05, 39.37, 0, 90],
		[182, "D42_2", 7764.05, -6373.42, "T", "SMD", "D42_2", "", "R", 59.05, 39.37, 0, 90],
		[183, "D42_3", 7764.05, -6176.58, "T", "SMD", "GND", "GND", "R", 59.05, 39.37, 0, 90],
		[184, "D42_4", 7645.95, -6176.58, "T", "SMD", "$1N144", "", "R", 59.05, 39.37, 0, 90],
		[185, "D43_1", 2945.28, -1905.51, "T", "DIP", "$1N6", "", "C", 60, 60, 36, 90],
		[186, "D43_1", 2945.28, -1905.51, "B", "DIP", "$1N6", "", "C", 60, 60, 36, 90],
		[187, "D43_2", 2945.28, -1594.49, "T", "DIP", "$1N97", "", "C", 60, 60, 36, 90],
		[188, "D43_2", 2945.28, -1594.49, "B", "DIP", "$1N97", "", "C", 60, 60, 36, 90],
		[189, "J1_1", 1042.51, -1157.04, "T", "DIP", "$1N122", "", "O", 78.74, 181.1, 145.67, 270],
		[190, "J1_1", 1042.51, -1157.04, "B", "DIP", "$1N122", "", "O", 78.74, 181.1, 145.67, 270],
		[191, "J1_2", 1042.53, -912.96, "T", "DIP", "GND", "GND", "O", 78.74, 181.1, 145.67, 90],
		[192, "J1_2", 1042.53, -912.96, "B", "DIP", "GND", "GND", "O", 78.74, 181.1, 145.67, 90],
		[193, "J1_3", 857.48, -1038.94, "T", "DIP", "GND", "GND", "O", 181.1, 78.74, 145.67, 270],
		[194, "J1_3", 857.48, -1038.94, "B", "DIP", "GND", "GND", "O", 181.1, 78.74, 145.67, 270],
		[195, "J2_1", 2824.73, -1093.71, "T", "DIP", "J2_1", "", "C", 86.61, 86.61, 59.06, 0],
		[196, "J2_1", 2824.73, -1093.71, "B", "DIP", "J2_1", "", "C", 86.61, 86.61, 59.06, 0],
		[197, "J2_2", 2923.14, -1192.13, "T", "DIP", "GND", "GND", "C", 86.61, 86.61, 59.06, 0],
		[198, "J2_2", 2923.14, -1192.13, "B", "DIP", "GND", "GND", "C", 86.61, 86.61, 59.06, 0],
		[199, "J2_3", 3119.99, -1093.71, "T", "DIP", "J2_3", "", "C", 86.61, 86.61, 59.06, 0],
		[200, "J2_3", 3119.99, -1093.71, "B", "DIP", "J2_3", "", "C", 86.61, 86.61, 59.06, 0],
		[201, "J2_4", 3316.85, -1192.13, "T", "DIP", "$1N19678", "", "C", 86.61, 86.61, 59.06, 0],
		[202, "J2_4", 3316.85, -1192.13, "B", "DIP", "$1N19678", "", "C", 86.61, 86.61, 59.06, 0],
		[203, "J2_5", 3415.27, -1093.71, "T", "DIP", "$1N97", "", "C", 86.61, 86.61, 59.06, 0],
		[204, "J2_5", 3415.27, -1093.71, "B", "DIP", "$1N97", "", "C", 86.61, 86.61, 59.06, 0],
		[205, "J2_6", 2923.14, -707.88, "T", "DIP", "J2_6", "", "C", 86.61, 86.61, 59.06, 0],
		[206, "J2_6", 2923.14, -707.88, "B", "DIP", "J2_6", "", "C", 86.61, 86.61, 59.06, 0],
		[207, "J2_7", 3316.85, -707.88, "T", "DIP", "J2_7", "", "C", 86.61, 86.61, 59.06, 0],
		[208, "J2_7", 3316.85, -707.88, "B", "DIP", "J2_7", "", "C", 86.61, 86.61, 59.06, 0],
		[209, "J3_1", 3719.73, -1088.71, "T", "DIP", "J3_1", "", "C", 86.61, 86.61, 59.06, 0],
		[210, "J3_1", 3719.73, -1088.71, "B", "DIP", "J3_1", "", "C", 86.61, 86.61, 59.06, 0],
		[211, "J3_2", 3818.14, -1187.13, "T", "DIP", "GND", "GND", "C", 86.61, 86.61, 59.06, 0],
		[212, "J3_2", 3818.14, -1187.13, "B", "DIP", "GND", "GND", "C", 86.61, 86.61, 59.06, 0],
		[213, "J3_3", 4014.99, -1088.71, "T", "DIP", "MIDI_OUT", "", "C", 86.61, 86.61, 59.06, 0],
		[214, "J3_3", 4014.99, -1088.71, "B", "DIP", "MIDI_OUT", "", "C", 86.61, 86.61, 59.06, 0],
		[215, "J3_4", 4211.85, -1187.13, "T", "DIP", "$1N24", "", "C", 86.61, 86.61, 59.06, 0],
		[216, "J3_4", 4211.85, -1187.13, "B", "DIP", "$1N24", "", "C", 86.61, 86.61, 59.06, 0],
		[217, "J3_5", 4310.27, -1088.7, "T", "DIP", "J3_5", "", "C", 86.61, 86.61, 59.06, 0],
		[218, "J3_5", 4310.27, -1088.7, "B", "DIP", "J3_5", "", "C", 86.61, 86.61, 59.06, 0],
		[219, "J3_6", 3818.14, -702.88, "T", "DIP", "J3_6", "", "C", 86.61, 86.61, 59.06, 0],
		[220, "J3_6", 3818.14, -702.88, "B", "DIP", "J3_6", "", "C", 86.61, 86.61, 59.06, 0],
		[221, "J3_7", 4211.85, -702.88, "T", "DIP", "J3_7", "", "C", 86.61, 86.61, 59.06, 0],
		[222, "J3_7", 4211.85, -702.88, "B", "DIP", "J3_7", "", "C", 86.61, 86.61, 59.06, 0],
		[223, "J4_1", 4861.42, -1138.38, "T", "DIP", "E1", "", "O", 39.37, 78.74, 59.05, 0],
		[224, "J4_1", 4861.42, -1138.38, "B", "DIP", "E1", "", "O", 39.37, 78.74, 59.05, 0],
		[225, "J4_2", 5038.58, -811.61, "T", "DIP", "GND", "GND", "O", 39.37, 78.74, 59.05, 0],
		[226, "J4_2", 5038.58, -811.61, "B", "DIP", "GND", "GND", "O", 39.37, 78.74, 59.05, 0],
		[227, "J4_3", 5038.58, -933.66, "T", "DIP", "GND", "GND", "O", 39.37, 78.74, 59.05, 0],
		[228, "J4_3", 5038.58, -933.66, "B", "DIP", "GND", "GND", "O", 39.37, 78.74, 59.05, 0],
		[229, "J4_4", 5038.58, -1095.08, "T", "DIP", "GND", "GND", "O", 39.37, 78.74, 59.05, 0],
		[230, "J4_4", 5038.58, -1095.08, "B", "DIP", "GND", "GND", "O", 39.37, 78.74, 59.05, 0],
		[231, "J5_1", 5376.42, -1138.38, "T", "DIP", "E2", "", "O", 39.37, 78.74, 59.05, 0],
		[232, "J5_1", 5376.42, -1138.38, "B", "DIP", "E2", "", "O", 39.37, 78.74, 59.05, 0],
		[233, "J5_2", 5553.58, -811.61, "T", "DIP", "GND", "GND", "O", 39.37, 78.74, 59.05, 0],
		[234, "J5_2", 5553.58, -811.61, "B", "DIP", "GND", "GND", "O", 39.37, 78.74, 59.05, 0],
		[235, "J5_3", 5553.58, -933.66, "T", "DIP", "GND", "GND", "O", 39.37, 78.74, 59.05, 0],
		[236, "J5_3", 5553.58, -933.66, "B", "DIP", "GND", "GND", "O", 39.37, 78.74, 59.05, 0],
		[237, "J5_4", 5553.58, -1095.08, "T", "DIP", "GND", "GND", "O", 39.37, 78.74, 59.05, 0],
		[238, "J5_4", 5553.58, -1095.08, "B", "DIP", "GND", "GND", "O", 39.37, 78.74, 59.05, 0],
		[239, "J6_1", 5866.42, -1138.38, "T", "DIP", "E3", "", "O", 39.37, 78.74, 59.05, 0],
		[240, "J6_1", 5866.42, -1138.38, "B", "DIP", "E3", "", "O", 39.37, 78.74, 59.05, 0],
		[241, "J6_2", 6043.58, -811.61, "T", "DIP", "GND", "GND", "O", 39.37, 78.74, 59.05, 0],
		[242, "J6_2", 6043.58, -811.61, "B", "DIP", "GND", "GND", "O", 39.37, 78.74, 59.05, 0],
		[243, "J6_3", 6043.58, -933.66, "T", "DIP", "GND", "GND", "O", 39.37, 78.74, 59.05, 0],
		[244, "J6_3", 6043.58, -933.66, "B", "DIP", "GND", "GND", "O", 39.37, 78.74, 59.05, 0],
		[245, "J6_4", 6043.58, -1095.08, "T", "DIP", "GND", "GND", "O", 39.37, 78.74, 59.05, 0],
		[246, "J6_4", 6043.58, -1095.08, "B", "DIP", "GND", "GND", "O", 39.37, 78.74, 59.05, 0],
		[247, "J7_1", 6366.42, -1138.38, "T", "DIP", "E4", "", "O", 39.37, 78.74, 59.05, 0],
		[248, "J7_1", 6366.42, -1138.38, "B", "DIP", "E4", "", "O", 39.37, 78.74, 59.05, 0],
		[249, "J7_2", 6543.58, -811.61, "T", "DIP", "GND", "GND", "O", 39.37, 78.74, 59.05, 0],
		[250, "J7_2", 6543.58, -811.61, "B", "DIP", "GND", "GND", "O", 39.37, 78.74, 59.05, 0],
		[251, "J7_3", 6543.58, -933.66, "T", "DIP", "GND", "GND", "O", 39.37, 78.74, 59.05, 0],
		[252, "J7_3", 6543.58, -933.66, "B", "DIP", "GND", "GND", "O", 39.37, 78.74, 59.05, 0],
		[253, "J7_4", 6543.58, -1095.08, "T", "DIP", "GND", "GND", "O", 39.37, 78.74, 59.05, 0],
		[254, "J7_4", 6543.58, -1095.08, "B", "DIP", "GND", "GND", "O", 39.37, 78.74, 59.05, 0],
		[255, "J8_1", 6866.42, -1138.38, "T", "DIP", "E5", "", "O", 39.37, 78.74, 59.05, 0],
		[256, "J8_1", 6866.42, -1138.38, "B", "DIP", "E5", "", "O", 39.37, 78.74, 59.05, 0],
		[257, "J8_2", 7043.58, -811.61, "T", "DIP", "GND", "GND", "O", 39.37, 78.74, 59.05, 0],
		[258, "J8_2", 7043.58, -811.61, "B", "DIP", "GND", "GND", "O", 39.37, 78.74, 59.05, 0],
		[259, "J8_3", 7043.58, -933.66, "T", "DIP", "GND", "GND", "O", 39.37, 78.74, 59.05, 0],
		[260, "J8_3", 7043.58, -933.66, "B", "DIP", "GND", "GND", "O", 39.37, 78.74, 59.05, 0],
		[261, "J8_4", 7043.58, -1095.08, "T", "DIP", "GND", "GND", "O", 39.37, 78.74, 59.05, 0],
		[262, "J8_4", 7043.58, -1095.08, "B", "DIP", "GND", "GND", "O", 39.37, 78.74, 59.05, 0],
		[263, "J9_1", 7366.42, -1138.38, "T", "DIP", "E6", "", "O", 39.37, 78.74, 59.05, 0],
		[264, "J9_1", 7366.42, -1138.38, "B", "DIP", "E6", "", "O", 39.37, 78.74, 59.05, 0],
		[265, "J9_2", 7543.58, -811.61, "T", "DIP", "GND", "GND", "O", 39.37, 78.74, 59.05, 0],
		[266, "J9_2", 7543.58, -811.61, "B", "DIP", "GND", "GND", "O", 39.37, 78.74, 59.05, 0],
		[267, "J9_3", 7543.58, -933.66, "T", "DIP", "GND", "GND", "O", 39.37, 78.74, 59.05, 0],
		[268, "J9_3", 7543.58, -933.66, "B", "DIP", "GND", "GND", "O", 39.37, 78.74, 59.05, 0],
		[269, "J9_4", 7543.58, -1095.08, "T", "DIP", "GND", "GND", "O", 39.37, 78.74, 59.05, 0],
		[270, "J9_4", 7543.58, -1095.08, "B", "DIP", "GND", "GND", "O", 39.37, 78.74, 59.05, 0],
		[271, "J10_1", 1200, -2350, "T", "DIP", "GND", "GND", "C", 70.87, 70.87, 41.34, 0],
		[272, "J10_1", 1200, -2350, "B", "DIP", "GND", "GND", "C", 70.87, 70.87, 41.34, 0],
		[273, "J10_2", 1300, -2350, "T", "DIP", "5VDC", "", "C", 70.87, 70.87, 41.34, 0],
		[274, "J10_2", 1300, -2350, "B", "DIP", "5VDC", "", "C", 70.87, 70.87, 41.34, 0],
		[275, "J10_3", 1400, -2350, "T", "DIP", "SCL", "", "C", 70.87, 70.87, 41.34, 0],
		[276, "J10_3", 1400, -2350, "B", "DIP", "SCL", "", "C", 70.87, 70.87, 41.34, 0],
		[277, "J10_4", 1500, -2350, "T", "DIP", "SDA", "", "C", 70.87, 70.87, 41.34, 0],
		[278, "J10_4", 1500, -2350, "B", "DIP", "SDA", "", "C", 70.87, 70.87, 41.34, 0],
		[279, "R1_1", 2127.36, -1910, "T", "DIP", "MIDI_IN", "", "C", 47.24, 47.24, 23.62, 0],
		[280, "R1_1", 2127.36, -1910, "B", "DIP", "MIDI_IN", "", "C", 47.24, 47.24, 23.62, 0],
		[281, "R1_2", 2422.64, -1910, "T", "DIP", "5VDC", "", "C", 47.24, 47.24, 23.62, 0],
		[282, "R1_2", 2422.64, -1910, "B", "DIP", "5VDC", "", "C", 47.24, 47.24, 23.62, 0],
		[283, "R2_1", 2107.36, -1675, "T", "DIP", "GND", "GND", "C", 47.24, 47.24, 23.62, 0],
		[284, "R2_1", 2107.36, -1675, "B", "DIP", "GND", "GND", "C", 47.24, 47.24, 23.62, 0],
		[285, "R2_2", 2402.64, -1675, "T", "DIP", "$1N2399", "", "C", 47.24, 47.24, 23.62, 0],
		[286, "R2_2", 2402.64, -1675, "B", "DIP", "$1N2399", "", "C", 47.24, 47.24, 23.62, 0],
		[287, "R3_1", 2676.77, -1500, "T", "DIP", "$1N6", "", "C", 47.24, 47.24, 23.62, 180],
		[288, "R3_1", 2676.77, -1500, "B", "DIP", "$1N6", "", "C", 47.24, 47.24, 23.62, 180],
		[289, "R3_2", 2381.49, -1500, "T", "DIP", "$1N19678", "", "C", 47.24, 47.24, 23.62, 180],
		[290, "R3_2", 2381.49, -1500, "B", "DIP", "$1N19678", "", "C", 47.24, 47.24, 23.62, 180],
		[291, "R4_1", 3027.36, -1535, "T", "DIP", "5VDC", "", "C", 47.24, 47.24, 23.62, 0],
		[292, "R4_1", 3027.36, -1535, "B", "DIP", "5VDC", "", "C", 47.24, 47.24, 23.62, 0],
		[293, "R4_2", 3322.64, -1535, "T", "DIP", "$1N24", "", "C", 47.24, 47.24, 23.62, 0],
		[294, "R4_2", 3322.64, -1535, "B", "DIP", "$1N24", "", "C", 47.24, 47.24, 23.62, 0],
		[295, "R5_1", 2975.39, -2117.09, "T", "DIP", "ROW4", "", "C", 47.24, 47.24, 23.62, 0],
		[296, "R5_1", 2975.39, -2117.09, "B", "DIP", "ROW4", "", "C", 47.24, 47.24, 23.62, 0],
		[297, "R5_2", 3270.67, -2117.09, "T", "DIP", "3VDC", "", "C", 47.24, 47.24, 23.62, 0],
		[298, "R5_2", 3270.67, -2117.09, "B", "DIP", "3VDC", "", "C", 47.24, 47.24, 23.62, 0],
		[299, "R6_1", 2975.39, -2217.88, "T", "DIP", "ROW2", "", "C", 47.24, 47.24, 23.62, 0],
		[300, "R6_1", 2975.39, -2217.88, "B", "DIP", "ROW2", "", "C", 47.24, 47.24, 23.62, 0],
		[301, "R6_2", 3270.67, -2217.88, "T", "DIP", "3VDC", "", "C", 47.24, 47.24, 23.62, 0],
		[302, "R6_2", 3270.67, -2217.88, "B", "DIP", "3VDC", "", "C", 47.24, 47.24, 23.62, 0],
		[303, "R7_1", 2975.39, -2317.09, "T", "DIP", "ROW1", "", "C", 47.24, 47.24, 23.62, 0],
		[304, "R7_1", 2975.39, -2317.09, "B", "DIP", "ROW1", "", "C", 47.24, 47.24, 23.62, 0],
		[305, "R7_2", 3270.67, -2317.09, "T", "DIP", "3VDC", "", "C", 47.24, 47.24, 23.62, 0],
		[306, "R7_2", 3270.67, -2317.09, "B", "DIP", "3VDC", "", "C", 47.24, 47.24, 23.62, 0],
		[307, "R8_1", 2975.39, -2417.09, "T", "DIP", "ROW3", "", "C", 47.24, 47.24, 23.62, 0],
		[308, "R8_1", 2975.39, -2417.09, "B", "DIP", "ROW3", "", "C", 47.24, 47.24, 23.62, 0],
		[309, "R8_2", 3270.67, -2417.09, "T", "DIP", "3VDC", "", "C", 47.24, 47.24, 23.62, 0],
		[310, "R8_2", 3270.67, -2417.09, "B", "DIP", "3VDC", "", "C", 47.24, 47.24, 23.62, 0],
		[311, "R9_1", 2975.39, -2517.09, "T", "DIP", "ROW4", "", "C", 47.24, 47.24, 23.62, 0],
		[312, "R9_1", 2975.39, -2517.09, "B", "DIP", "ROW4", "", "C", 47.24, 47.24, 23.62, 0],
		[313, "R9_2", 3270.67, -2517.09, "T", "DIP", "3VDC", "", "C", 47.24, 47.24, 23.62, 0],
		[314, "R9_2", 3270.67, -2517.09, "B", "DIP", "3VDC", "", "C", 47.24, 47.24, 23.62, 0],
		[315, "R10_1", 2975.39, -2617.09, "T", "DIP", "ROW5", "", "C", 47.24, 47.24, 23.62, 0],
		[316, "R10_1", 2975.39, -2617.09, "B", "DIP", "ROW5", "", "C", 47.24, 47.24, 23.62, 0],
		[317, "R10_2", 3270.67, -2617.09, "T", "DIP", "3VDC", "", "C", 47.24, 47.24, 23.62, 0],
		[318, "R10_2", 3270.67, -2617.09, "B", "DIP", "3VDC", "", "C", 47.24, 47.24, 23.62, 0],
		[319, "R11_1", 2975.39, -2717.09, "T", "DIP", "ROW7", "", "C", 47.24, 47.24, 23.62, 0],
		[320, "R11_1", 2975.39, -2717.09, "B", "DIP", "ROW7", "", "C", 47.24, 47.24, 23.62, 0],
		[321, "R11_2", 3270.67, -2717.09, "T", "DIP", "3VDC", "", "C", 47.24, 47.24, 23.62, 0],
		[322, "R11_2", 3270.67, -2717.09, "B", "DIP", "3VDC", "", "C", 47.24, 47.24, 23.62, 0],
		[323, "R12_1", 2405, -3200.32, "T", "DIP", "COL2", "", "C", 47.24, 47.24, 23.62, 90],
		[324, "R12_1", 2405, -3200.32, "B", "DIP", "COL2", "", "C", 47.24, 47.24, 23.62, 90],
		[325, "R12_2", 2405, -2905.04, "T", "DIP", "3VDC", "", "C", 47.24, 47.24, 23.62, 90],
		[326, "R12_2", 2405, -2905.04, "B", "DIP", "3VDC", "", "C", 47.24, 47.24, 23.62, 90],
		[327, "R13_1", 2505, -3200.32, "T", "DIP", "COL4", "", "C", 47.24, 47.24, 23.62, 90],
		[328, "R13_1", 2505, -3200.32, "B", "DIP", "COL4", "", "C", 47.24, 47.24, 23.62, 90],
		[329, "R13_2", 2505, -2905.04, "T", "DIP", "3VDC", "", "C", 47.24, 47.24, 23.62, 90],
		[330, "R13_2", 2505, -2905.04, "B", "DIP", "3VDC", "", "C", 47.24, 47.24, 23.62, 90],
		[331, "R14_1", 2605, -3200.32, "T", "DIP", "COL6", "", "C", 47.24, 47.24, 23.62, 90],
		[332, "R14_1", 2605, -3200.32, "B", "DIP", "COL6", "", "C", 47.24, 47.24, 23.62, 90],
		[333, "R14_2", 2605, -2905.04, "T", "DIP", "3VDC", "", "C", 47.24, 47.24, 23.62, 90],
		[334, "R14_2", 2605, -2905.04, "B", "DIP", "3VDC", "", "C", 47.24, 47.24, 23.62, 90],
		[335, "R15_1", 2705, -3200.32, "T", "DIP", "ROW6", "", "C", 47.24, 47.24, 23.62, 90],
		[336, "R15_1", 2705, -3200.32, "B", "DIP", "ROW6", "", "C", 47.24, 47.24, 23.62, 90],
		[337, "R15_2", 2705, -2905.04, "T", "DIP", "3VDC", "", "C", 47.24, 47.24, 23.62, 90],
		[338, "R15_2", 2705, -2905.04, "B", "DIP", "3VDC", "", "C", 47.24, 47.24, 23.62, 90],
		[339, "R16_1", 2805, -3200.32, "T", "DIP", "COL1", "", "C", 47.24, 47.24, 23.62, 90],
		[340, "R16_1", 2805, -3200.32, "B", "DIP", "COL1", "", "C", 47.24, 47.24, 23.62, 90],
		[341, "R16_2", 2805, -2905.04, "T", "DIP", "3VDC", "", "C", 47.24, 47.24, 23.62, 90],
		[342, "R16_2", 2805, -2905.04, "B", "DIP", "3VDC", "", "C", 47.24, 47.24, 23.62, 90],
		[343, "R17_1", 2905, -3200.32, "T", "DIP", "COL3", "", "C", 47.24, 47.24, 23.62, 90],
		[344, "R17_1", 2905, -3200.32, "B", "DIP", "COL3", "", "C", 47.24, 47.24, 23.62, 90],
		[345, "R17_2", 2905, -2905.04, "T", "DIP", "3VDC", "", "C", 47.24, 47.24, 23.62, 90],
		[346, "R17_2", 2905, -2905.04, "B", "DIP", "3VDC", "", "C", 47.24, 47.24, 23.62, 90],
		[347, "R18_1", 3005, -3200.32, "T", "DIP", "COL5", "", "C", 47.24, 47.24, 23.62, 90],
		[348, "R18_1", 3005, -3200.32, "B", "DIP", "COL5", "", "C", 47.24, 47.24, 23.62, 90],
		[349, "R18_2", 3005, -2905.04, "T", "DIP", "3VDC", "", "C", 47.24, 47.24, 23.62, 90],
		[350, "R18_2", 3005, -2905.04, "B", "DIP", "3VDC", "", "C", 47.24, 47.24, 23.62, 90],
		[351, "RV1_1", 1121.58, -5167.8, "T", "DIP", "3VDC", "", "C", 59.05, 59.05, 39.37, 0],
		[352, "RV1_1", 1121.58, -5167.8, "B", "DIP", "3VDC", "", "C", 59.05, 59.05, 39.37, 0],
		[353, "RV1_2", 1220, -5167.8, "T", "DIP", "FP1", "", "C", 59.05, 59.05, 39.37, 0],
		[354, "RV1_2", 1220, -5167.8, "B", "DIP", "FP1", "", "C", 59.05, 59.05, 39.37, 0],
		[355, "RV1_3", 1318.43, -5167.8, "T", "DIP", "GND", "GND", "C", 59.05, 59.05, 39.37, 0],
		[356, "RV1_3", 1318.43, -5167.8, "B", "DIP", "GND", "GND", "C", 59.05, 59.05, 39.37, 0],
		[357, "RV1_4", 1393.23, -4892.2, "T", "DIP", "GND", "GND", "O", 118.11, 129.92, 90.55, 0],
		[358, "RV1_4", 1393.23, -4892.2, "B", "DIP", "GND", "GND", "O", 118.11, 129.92, 90.55, 0],
		[359, "RV1_5", 1046.77, -4892.2, "T", "DIP", "GND", "GND", "O", 118.11, 129.92, 90.55, 0],
		[360, "RV1_5", 1046.77, -4892.2, "B", "DIP", "GND", "GND", "O", 118.11, 129.92, 90.55, 0],
		[361, "RV2_1", 1121.58, -4602.8, "T", "DIP", "3VDC", "", "C", 59.05, 59.05, 39.37, 0],
		[362, "RV2_1", 1121.58, -4602.8, "B", "DIP", "3VDC", "", "C", 59.05, 59.05, 39.37, 0],
		[363, "RV2_2", 1220, -4602.8, "T", "DIP", "FP2", "", "C", 59.05, 59.05, 39.37, 0],
		[364, "RV2_2", 1220, -4602.8, "B", "DIP", "FP2", "", "C", 59.05, 59.05, 39.37, 0],
		[365, "RV2_3", 1318.43, -4602.8, "T", "DIP", "GND", "GND", "C", 59.05, 59.05, 39.37, 0],
		[366, "RV2_3", 1318.43, -4602.8, "B", "DIP", "GND", "GND", "C", 59.05, 59.05, 39.37, 0],
		[367, "RV2_4", 1393.23, -4327.2, "T", "DIP", "GND", "GND", "O", 118.11, 129.92, 90.55, 0],
		[368, "RV2_4", 1393.23, -4327.2, "B", "DIP", "GND", "GND", "O", 118.11, 129.92, 90.55, 0],
		[369, "RV2_5", 1046.77, -4327.2, "T", "DIP", "GND", "GND", "O", 118.11, 129.92, 90.55, 0],
		[370, "RV2_5", 1046.77, -4327.2, "B", "DIP", "GND", "GND", "O", 118.11, 129.92, 90.55, 0],
		[371, "RV3_1", 1126.58, -4007.8, "T", "DIP", "3VDC", "", "C", 59.05, 59.05, 39.37, 0],
		[372, "RV3_1", 1126.58, -4007.8, "B", "DIP", "3VDC", "", "C", 59.05, 59.05, 39.37, 0],
		[373, "RV3_2", 1225, -4007.8, "T", "DIP", "MAIN", "", "C", 59.05, 59.05, 39.37, 0],
		[374, "RV3_2", 1225, -4007.8, "B", "DIP", "MAIN", "", "C", 59.05, 59.05, 39.37, 0],
		[375, "RV3_3", 1323.43, -4007.8, "T", "DIP", "GND", "GND", "C", 59.05, 59.05, 39.37, 0],
		[376, "RV3_3", 1323.43, -4007.8, "B", "DIP", "GND", "GND", "C", 59.05, 59.05, 39.37, 0],
		[377, "RV3_4", 1398.23, -3732.2, "T", "DIP", "GND", "GND", "O", 118.11, 129.92, 90.55, 0],
		[378, "RV3_4", 1398.23, -3732.2, "B", "DIP", "GND", "GND", "O", 118.11, 129.92, 90.55, 0],
		[379, "RV3_5", 1051.77, -3732.2, "T", "DIP", "GND", "GND", "O", 118.11, 129.92, 90.55, 0],
		[380, "RV3_5", 1051.77, -3732.2, "B", "DIP", "GND", "GND", "O", 118.11, 129.92, 90.55, 0],
		[381, "SW1_1", 4001.06, -1813.42, "T", "DIP", "ROW1", "", "C", 98.42, 98.42, 59.06, 0],
		[382, "SW1_1", 4001.06, -1813.42, "B", "DIP", "ROW1", "", "C", 98.42, 98.42, 59.06, 0],
		[383, "SW1_2", 3508.94, -1813.42, "T", "DIP", "SW1_2", "", "C", 98.42, 98.42, 59.06, 0],
		[384, "SW1_2", 3508.94, -1813.42, "B", "DIP", "SW1_2", "", "C", 98.42, 98.42, 59.06, 0],
		[385, "SW1_3", 4001.06, -1616.58, "T", "DIP", "SW1_3", "", "C", 98.42, 98.42, 59.06, 0],
		[386, "SW1_3", 4001.06, -1616.58, "B", "DIP", "SW1_3", "", "C", 98.42, 98.42, 59.06, 0],
		[387, "SW1_4", 3508.94, -1616.58, "T", "DIP", "COL1", "", "C", 98.42, 98.42, 59.06, 0],
		[388, "SW1_4", 3508.94, -1616.58, "B", "DIP", "COL1", "", "C", 98.42, 98.42, 59.06, 0],
		[389, "SW2_1", 4636.06, -1813.42, "T", "DIP", "ROW2", "", "C", 98.42, 98.42, 59.06, 0],
		[390, "SW2_1", 4636.06, -1813.42, "B", "DIP", "ROW2", "", "C", 98.42, 98.42, 59.06, 0],
		[391, "SW2_2", 4143.94, -1813.42, "T", "DIP", "SW2_2", "", "C", 98.42, 98.42, 59.06, 0],
		[392, "SW2_2", 4143.94, -1813.42, "B", "DIP", "SW2_2", "", "C", 98.42, 98.42, 59.06, 0],
		[393, "SW2_3", 4636.06, -1616.58, "T", "DIP", "SW2_3", "", "C", 98.42, 98.42, 59.06, 0],
		[394, "SW2_3", 4636.06, -1616.58, "B", "DIP", "SW2_3", "", "C", 98.42, 98.42, 59.06, 0],
		[395, "SW2_4", 4143.94, -1616.58, "T", "DIP", "COL1", "", "C", 98.42, 98.42, 59.06, 0],
		[396, "SW2_4", 4143.94, -1616.58, "B", "DIP", "COL1", "", "C", 98.42, 98.42, 59.06, 0],
		[397, "SW3_1", 5276.06, -1813.42, "T", "DIP", "ROW3", "", "C", 98.42, 98.42, 59.06, 0],
		[398, "SW3_1", 5276.06, -1813.42, "B", "DIP", "ROW3", "", "C", 98.42, 98.42, 59.06, 0],
		[399, "SW3_2", 4783.94, -1813.42, "T", "DIP", "COL1", "", "C", 98.42, 98.42, 59.06, 0],
		[400, "SW3_2", 4783.94, -1813.42, "B", "DIP", "COL1", "", "C", 98.42, 98.42, 59.06, 0],
		[401, "SW3_3", 5276.06, -1616.58, "T", "DIP", "SW3_3", "", "C", 98.42, 98.42, 59.06, 0],
		[402, "SW3_3", 5276.06, -1616.58, "B", "DIP", "SW3_3", "", "C", 98.42, 98.42, 59.06, 0],
		[403, "SW3_4", 4783.94, -1616.58, "T", "DIP", "SW3_4", "", "C", 98.42, 98.42, 59.06, 0],
		[404, "SW3_4", 4783.94, -1616.58, "B", "DIP", "SW3_4", "", "C", 98.42, 98.42, 59.06, 0],
		[405, "SW4_1", 5916.06, -1813.42, "T", "DIP", "ROW4", "", "C", 98.42, 98.42, 59.06, 0],
		[406, "SW4_1", 5916.06, -1813.42, "B", "DIP", "ROW4", "", "C", 98.42, 98.42, 59.06, 0],
		[407, "SW4_2", 5423.94, -1813.42, "T", "DIP", "COL1", "", "C", 98.42, 98.42, 59.06, 0],
		[408, "SW4_2", 5423.94, -1813.42, "B", "DIP", "COL1", "", "C", 98.42, 98.42, 59.06, 0],
		[409, "SW4_3", 5916.06, -1616.57, "T", "DIP", "SW4_3", "", "C", 98.42, 98.42, 59.06, 0],
		[410, "SW4_3", 5916.06, -1616.57, "B", "DIP", "SW4_3", "", "C", 98.42, 98.42, 59.06, 0],
		[411, "SW4_4", 5423.94, -1616.58, "T", "DIP", "SW4_4", "", "C", 98.42, 98.42, 59.06, 0],
		[412, "SW4_4", 5423.94, -1616.58, "B", "DIP", "SW4_4", "", "C", 98.42, 98.42, 59.06, 0],
		[413, "SW5_1", 6591.06, -1818.42, "T", "DIP", "ROW5", "", "C", 98.42, 98.42, 59.06, 0],
		[414, "SW5_1", 6591.06, -1818.42, "B", "DIP", "ROW5", "", "C", 98.42, 98.42, 59.06, 0],
		[415, "SW5_2", 6098.94, -1818.42, "T", "DIP", "COL1", "", "C", 98.42, 98.42, 59.06, 0],
		[416, "SW5_2", 6098.94, -1818.42, "B", "DIP", "COL1", "", "C", 98.42, 98.42, 59.06, 0],
		[417, "SW5_3", 6591.06, -1621.58, "T", "DIP", "SW5_3", "", "C", 98.42, 98.42, 59.06, 0],
		[418, "SW5_3", 6591.06, -1621.58, "B", "DIP", "SW5_3", "", "C", 98.42, 98.42, 59.06, 0],
		[419, "SW5_4", 6098.94, -1621.58, "T", "DIP", "SW5_4", "", "C", 98.42, 98.42, 59.06, 0],
		[420, "SW5_4", 6098.94, -1621.58, "B", "DIP", "SW5_4", "", "C", 98.42, 98.42, 59.06, 0],
		[421, "SW6_1", 7256.06, -1813.42, "T", "DIP", "ROW6", "", "C", 98.42, 98.42, 59.06, 0],
		[422, "SW6_1", 7256.06, -1813.42, "B", "DIP", "ROW6", "", "C", 98.42, 98.42, 59.06, 0],
		[423, "SW6_2", 6763.94, -1813.42, "T", "DIP", "COL1", "", "C", 98.42, 98.42, 59.06, 0],
		[424, "SW6_2", 6763.94, -1813.42, "B", "DIP", "COL1", "", "C", 98.42, 98.42, 59.06, 0],
		[425, "SW6_3", 7256.06, -1616.58, "T", "DIP", "SW6_3", "", "C", 98.42, 98.42, 59.06, 0],
		[426, "SW6_3", 7256.06, -1616.58, "B", "DIP", "SW6_3", "", "C", 98.42, 98.42, 59.06, 0],
		[427, "SW6_4", 6763.94, -1616.58, "T", "DIP", "SW6_4", "", "C", 98.42, 98.42, 59.06, 0],
		[428, "SW6_4", 6763.94, -1616.58, "B", "DIP", "SW6_4", "", "C", 98.42, 98.42, 59.06, 0],
		[429, "SW7_1", 7906.06, -1813.42, "T", "DIP", "ROW7", "", "C", 98.42, 98.42, 59.06, 0],
		[430, "SW7_1", 7906.06, -1813.42, "B", "DIP", "ROW7", "", "C", 98.42, 98.42, 59.06, 0],
		[431, "SW7_2", 7413.94, -1813.42, "T", "DIP", "COL1", "", "C", 98.42, 98.42, 59.06, 0],
		[432, "SW7_2", 7413.94, -1813.42, "B", "DIP", "COL1", "", "C", 98.42, 98.42, 59.06, 0],
		[433, "SW7_3", 7906.06, -1616.58, "T", "DIP", "SW7_3", "", "C", 98.42, 98.42, 59.06, 0],
		[434, "SW7_3", 7906.06, -1616.58, "B", "DIP", "SW7_3", "", "C", 98.42, 98.42, 59.06, 0],
		[435, "SW7_4", 7413.94, -1616.58, "T", "DIP", "SW7_4", "", "C", 98.42, 98.42, 59.06, 0],
		[436, "SW7_4", 7413.94, -1616.58, "B", "DIP", "SW7_4", "", "C", 98.42, 98.42, 59.06, 0],
		[437, "SW8_1", 4001.06, -2618.43, "T", "DIP", "ROW1", "", "C", 98.42, 98.42, 59.06, 0],
		[438, "SW8_1", 4001.06, -2618.43, "B", "DIP", "ROW1", "", "C", 98.42, 98.42, 59.06, 0],
		[439, "SW8_2", 3508.94, -2618.42, "T", "DIP", "COL2", "", "C", 98.42, 98.42, 59.06, 0],
		[440, "SW8_2", 3508.94, -2618.42, "B", "DIP", "COL2", "", "C", 98.42, 98.42, 59.06, 0],
		[441, "SW8_3", 4001.06, -2421.57, "T", "DIP", "SW8_3", "", "C", 98.42, 98.42, 59.06, 0],
		[442, "SW8_3", 4001.06, -2421.57, "B", "DIP", "SW8_3", "", "C", 98.42, 98.42, 59.06, 0],
		[443, "SW8_4", 3508.94, -2421.57, "T", "DIP", "SW8_4", "", "C", 98.42, 98.42, 59.06, 0],
		[444, "SW8_4", 3508.94, -2421.57, "B", "DIP", "SW8_4", "", "C", 98.42, 98.42, 59.06, 0],
		[445, "SW9_1", 4636.06, -2618.43, "T", "DIP", "ROW2", "", "C", 98.42, 98.42, 59.06, 0],
		[446, "SW9_1", 4636.06, -2618.43, "B", "DIP", "ROW2", "", "C", 98.42, 98.42, 59.06, 0],
		[447, "SW9_2", 4143.94, -2618.42, "T", "DIP", "COL2", "", "C", 98.42, 98.42, 59.06, 0],
		[448, "SW9_2", 4143.94, -2618.42, "B", "DIP", "COL2", "", "C", 98.42, 98.42, 59.06, 0],
		[449, "SW9_3", 4636.06, -2421.57, "T", "DIP", "SW9_3", "", "C", 98.42, 98.42, 59.06, 0],
		[450, "SW9_3", 4636.06, -2421.57, "B", "DIP", "SW9_3", "", "C", 98.42, 98.42, 59.06, 0],
		[451, "SW9_4", 4143.94, -2421.57, "T", "DIP", "SW9_4", "", "C", 98.42, 98.42, 59.06, 0],
		[452, "SW9_4", 4143.94, -2421.57, "B", "DIP", "SW9_4", "", "C", 98.42, 98.42, 59.06, 0],
		[453, "SW10_1", 5276.06, -2623.43, "T", "DIP", "ROW3", "", "C", 98.42, 98.42, 59.06, 0],
		[454, "SW10_1", 5276.06, -2623.43, "B", "DIP", "ROW3", "", "C", 98.42, 98.42, 59.06, 0],
		[455, "SW10_2", 4783.94, -2623.42, "T", "DIP", "COL2", "", "C", 98.42, 98.42, 59.06, 0],
		[456, "SW10_2", 4783.94, -2623.42, "B", "DIP", "COL2", "", "C", 98.42, 98.42, 59.06, 0],
		[457, "SW10_3", 5276.06, -2426.57, "T", "DIP", "SW10_3", "", "C", 98.42, 98.42, 59.06, 0],
		[458, "SW10_3", 5276.06, -2426.57, "B", "DIP", "SW10_3", "", "C", 98.42, 98.42, 59.06, 0],
		[459, "SW10_4", 4783.94, -2426.57, "T", "DIP", "SW10_4", "", "C", 98.42, 98.42, 59.06, 0],
		[460, "SW10_4", 4783.94, -2426.57, "B", "DIP", "SW10_4", "", "C", 98.42, 98.42, 59.06, 0],
		[461, "SW11_1", 5926.06, -2628.43, "T", "DIP", "ROW4", "", "C", 98.42, 98.42, 59.06, 0],
		[462, "SW11_1", 5926.06, -2628.43, "B", "DIP", "ROW4", "", "C", 98.42, 98.42, 59.06, 0],
		[463, "SW11_2", 5433.94, -2628.42, "T", "DIP", "COL2", "", "C", 98.42, 98.42, 59.06, 0],
		[464, "SW11_2", 5433.94, -2628.42, "B", "DIP", "COL2", "", "C", 98.42, 98.42, 59.06, 0],
		[465, "SW11_3", 5926.06, -2431.57, "T", "DIP", "SW11_3", "", "C", 98.42, 98.42, 59.06, 0],
		[466, "SW11_3", 5926.06, -2431.57, "B", "DIP", "SW11_3", "", "C", 98.42, 98.42, 59.06, 0],
		[467, "SW11_4", 5433.94, -2431.57, "T", "DIP", "SW11_4", "", "C", 98.42, 98.42, 59.06, 0],
		[468, "SW11_4", 5433.94, -2431.57, "B", "DIP", "SW11_4", "", "C", 98.42, 98.42, 59.06, 0],
		[469, "SW12_1", 6596.06, -2638.43, "T", "DIP", "ROW5", "", "C", 98.42, 98.42, 59.06, 0],
		[470, "SW12_1", 6596.06, -2638.43, "B", "DIP", "ROW5", "", "C", 98.42, 98.42, 59.06, 0],
		[471, "SW12_2", 6103.94, -2638.42, "T", "DIP", "COL2", "", "C", 98.42, 98.42, 59.06, 0],
		[472, "SW12_2", 6103.94, -2638.42, "B", "DIP", "COL2", "", "C", 98.42, 98.42, 59.06, 0],
		[473, "SW12_3", 6596.06, -2441.57, "T", "DIP", "SW12_3", "", "C", 98.42, 98.42, 59.06, 0],
		[474, "SW12_3", 6596.06, -2441.57, "B", "DIP", "SW12_3", "", "C", 98.42, 98.42, 59.06, 0],
		[475, "SW12_4", 6103.94, -2441.57, "T", "DIP", "SW12_4", "", "C", 98.42, 98.42, 59.06, 0],
		[476, "SW12_4", 6103.94, -2441.57, "B", "DIP", "SW12_4", "", "C", 98.42, 98.42, 59.06, 0],
		[477, "SW13_1", 7251.06, -2638.43, "T", "DIP", "ROW6", "", "C", 98.42, 98.42, 59.06, 0],
		[478, "SW13_1", 7251.06, -2638.43, "B", "DIP", "ROW6", "", "C", 98.42, 98.42, 59.06, 0],
		[479, "SW13_2", 6758.94, -2638.42, "T", "DIP", "COL2", "", "C", 98.42, 98.42, 59.06, 0],
		[480, "SW13_2", 6758.94, -2638.42, "B", "DIP", "COL2", "", "C", 98.42, 98.42, 59.06, 0],
		[481, "SW13_3", 7251.06, -2441.57, "T", "DIP", "SW13_3", "", "C", 98.42, 98.42, 59.06, 0],
		[482, "SW13_3", 7251.06, -2441.57, "B", "DIP", "SW13_3", "", "C", 98.42, 98.42, 59.06, 0],
		[483, "SW13_4", 6758.94, -2441.57, "T", "DIP", "SW13_4", "", "C", 98.42, 98.42, 59.06, 0],
		[484, "SW13_4", 6758.94, -2441.57, "B", "DIP", "SW13_4", "", "C", 98.42, 98.42, 59.06, 0],
		[485, "SW14_1", 7911.06, -2638.43, "T", "DIP", "ROW7", "", "C", 98.42, 98.42, 59.06, 0],
		[486, "SW14_1", 7911.06, -2638.43, "B", "DIP", "ROW7", "", "C", 98.42, 98.42, 59.06, 0],
		[487, "SW14_2", 7418.94, -2638.42, "T", "DIP", "COL2", "", "C", 98.42, 98.42, 59.06, 0],
		[488, "SW14_2", 7418.94, -2638.42, "B", "DIP", "COL2", "", "C", 98.42, 98.42, 59.06, 0],
		[489, "SW14_3", 7911.06, -2441.57, "T", "DIP", "SW14_3", "", "C", 98.42, 98.42, 59.06, 0],
		[490, "SW14_3", 7911.06, -2441.57, "B", "DIP", "SW14_3", "", "C", 98.42, 98.42, 59.06, 0],
		[491, "SW14_4", 7418.94, -2441.57, "T", "DIP", "SW14_4", "", "C", 98.42, 98.42, 59.06, 0],
		[492, "SW14_4", 7418.94, -2441.57, "B", "DIP", "SW14_4", "", "C", 98.42, 98.42, 59.06, 0],
		[493, "SW15_1", 4006.06, -3443.43, "T", "DIP", "ROW1", "", "C", 98.42, 98.42, 59.06, 0],
		[494, "SW15_1", 4006.06, -3443.43, "B", "DIP", "ROW1", "", "C", 98.42, 98.42, 59.06, 0],
		[495, "SW15_2", 3513.94, -3443.42, "T", "DIP", "COL3", "", "C", 98.42, 98.42, 59.06, 0],
		[496, "SW15_2", 3513.94, -3443.42, "B", "DIP", "COL3", "", "C", 98.42, 98.42, 59.06, 0],
		[497, "SW15_3", 4006.06, -3246.58, "T", "DIP", "SW15_3", "", "C", 98.42, 98.42, 59.06, 0],
		[498, "SW15_3", 4006.06, -3246.58, "B", "DIP", "SW15_3", "", "C", 98.42, 98.42, 59.06, 0],
		[499, "SW15_4", 3513.94, -3246.57, "T", "DIP", "SW15_4", "", "C", 98.42, 98.42, 59.06, 0],
		[500, "SW15_4", 3513.94, -3246.57, "B", "DIP", "SW15_4", "", "C", 98.42, 98.42, 59.06, 0],
		[501, "SW16_1", 4636.06, -3443.43, "T", "DIP", "ROW2", "", "C", 98.42, 98.42, 59.06, 0],
		[502, "SW16_1", 4636.06, -3443.43, "B", "DIP", "ROW2", "", "C", 98.42, 98.42, 59.06, 0],
		[503, "SW16_2", 4143.94, -3443.42, "T", "DIP", "COL3", "", "C", 98.42, 98.42, 59.06, 0],
		[504, "SW16_2", 4143.94, -3443.42, "B", "DIP", "COL3", "", "C", 98.42, 98.42, 59.06, 0],
		[505, "SW16_3", 4636.06, -3246.58, "T", "DIP", "SW16_3", "", "C", 98.42, 98.42, 59.06, 0],
		[506, "SW16_3", 4636.06, -3246.58, "B", "DIP", "SW16_3", "", "C", 98.42, 98.42, 59.06, 0],
		[507, "SW16_4", 4143.94, -3246.57, "T", "DIP", "SW16_4", "", "C", 98.42, 98.42, 59.06, 0],
		[508, "SW16_4", 4143.94, -3246.57, "B", "DIP", "SW16_4", "", "C", 98.42, 98.42, 59.06, 0],
		[509, "SW17_1", 5266.06, -3448.43, "T", "DIP", "ROW3", "", "C", 98.42, 98.42, 59.06, 0],
		[510, "SW17_1", 5266.06, -3448.43, "B", "DIP", "ROW3", "", "C", 98.42, 98.42, 59.06, 0],
		[511, "SW17_2", 4773.94, -3448.42, "T", "DIP", "COL3", "", "C", 98.42, 98.42, 59.06, 0],
		[512, "SW17_2", 4773.94, -3448.42, "B", "DIP", "COL3", "", "C", 98.42, 98.42, 59.06, 0],
		[513, "SW17_3", 5266.06, -3251.58, "T", "DIP", "SW17_3", "", "C", 98.42, 98.42, 59.06, 0],
		[514, "SW17_3", 5266.06, -3251.58, "B", "DIP", "SW17_3", "", "C", 98.42, 98.42, 59.06, 0],
		[515, "SW17_4", 4773.94, -3251.57, "T", "DIP", "SW17_4", "", "C", 98.42, 98.42, 59.06, 0],
		[516, "SW17_4", 4773.94, -3251.57, "B", "DIP", "SW17_4", "", "C", 98.42, 98.42, 59.06, 0],
		[517, "SW18_1", 5926.06, -3458.43, "T", "DIP", "ROW4", "", "C", 98.42, 98.42, 59.06, 0],
		[518, "SW18_1", 5926.06, -3458.43, "B", "DIP", "ROW4", "", "C", 98.42, 98.42, 59.06, 0],
		[519, "SW18_2", 5433.94, -3458.42, "T", "DIP", "COL3", "", "C", 98.42, 98.42, 59.06, 0],
		[520, "SW18_2", 5433.94, -3458.42, "B", "DIP", "COL3", "", "C", 98.42, 98.42, 59.06, 0],
		[521, "SW18_3", 5926.06, -3261.58, "T", "DIP", "SW18_3", "", "C", 98.42, 98.42, 59.06, 0],
		[522, "SW18_3", 5926.06, -3261.58, "B", "DIP", "SW18_3", "", "C", 98.42, 98.42, 59.06, 0],
		[523, "SW18_4", 5433.94, -3261.57, "T", "DIP", "SW18_4", "", "C", 98.42, 98.42, 59.06, 0],
		[524, "SW18_4", 5433.94, -3261.57, "B", "DIP", "SW18_4", "", "C", 98.42, 98.42, 59.06, 0],
		[525, "SW19_1", 6606.06, -3463.43, "T", "DIP", "ROW5", "", "C", 98.42, 98.42, 59.06, 0],
		[526, "SW19_1", 6606.06, -3463.43, "B", "DIP", "ROW5", "", "C", 98.42, 98.42, 59.06, 0],
		[527, "SW19_2", 6113.94, -3463.42, "T", "DIP", "COL3", "", "C", 98.42, 98.42, 59.06, 0],
		[528, "SW19_2", 6113.94, -3463.42, "B", "DIP", "COL3", "", "C", 98.42, 98.42, 59.06, 0],
		[529, "SW19_3", 6606.06, -3266.58, "T", "DIP", "SW19_3", "", "C", 98.42, 98.42, 59.06, 0],
		[530, "SW19_3", 6606.06, -3266.58, "B", "DIP", "SW19_3", "", "C", 98.42, 98.42, 59.06, 0],
		[531, "SW19_4", 6113.94, -3266.57, "T", "DIP", "SW19_4", "", "C", 98.42, 98.42, 59.06, 0],
		[532, "SW19_4", 6113.94, -3266.57, "B", "DIP", "SW19_4", "", "C", 98.42, 98.42, 59.06, 0],
		[533, "SW20_1", 7251.06, -3463.43, "T", "DIP", "ROW6", "", "C", 98.42, 98.42, 59.06, 0],
		[534, "SW20_1", 7251.06, -3463.43, "B", "DIP", "ROW6", "", "C", 98.42, 98.42, 59.06, 0],
		[535, "SW20_2", 6758.94, -3463.43, "T", "DIP", "COL3", "", "C", 98.42, 98.42, 59.06, 0],
		[536, "SW20_2", 6758.94, -3463.43, "B", "DIP", "COL3", "", "C", 98.42, 98.42, 59.06, 0],
		[537, "SW20_3", 7251.06, -3266.58, "T", "DIP", "SW20_3", "", "C", 98.42, 98.42, 59.06, 0],
		[538, "SW20_3", 7251.06, -3266.58, "B", "DIP", "SW20_3", "", "C", 98.42, 98.42, 59.06, 0],
		[539, "SW20_4", 6758.94, -3266.58, "T", "DIP", "SW20_4", "", "C", 98.42, 98.42, 59.06, 0],
		[540, "SW20_4", 6758.94, -3266.58, "B", "DIP", "SW20_4", "", "C", 98.42, 98.42, 59.06, 0],
		[541, "SW21_1", 7916.06, -3463.43, "T", "DIP", "ROW7", "", "C", 98.42, 98.42, 59.06, 0],
		[542, "SW21_1", 7916.06, -3463.43, "B", "DIP", "ROW7", "", "C", 98.42, 98.42, 59.06, 0],
		[543, "SW21_2", 7423.94, -3463.42, "T", "DIP", "COL3", "", "C", 98.42, 98.42, 59.06, 0],
		[544, "SW21_2", 7423.94, -3463.42, "B", "DIP", "COL3", "", "C", 98.42, 98.42, 59.06, 0],
		[545, "SW21_3", 7916.06, -3266.58, "T", "DIP", "SW21_3", "", "C", 98.42, 98.42, 59.06, 0],
		[546, "SW21_3", 7916.06, -3266.58, "B", "DIP", "SW21_3", "", "C", 98.42, 98.42, 59.06, 0],
		[547, "SW21_4", 7423.94, -3266.57, "T", "DIP", "SW21_4", "", "C", 98.42, 98.42, 59.06, 0],
		[548, "SW21_4", 7423.94, -3266.57, "B", "DIP", "SW21_4", "", "C", 98.42, 98.42, 59.06, 0],
		[549, "SW22_1", 4006.06, -4278.43, "T", "DIP", "ROW1", "", "C", 98.42, 98.42, 59.06, 0],
		[550, "SW22_1", 4006.06, -4278.43, "B", "DIP", "ROW1", "", "C", 98.42, 98.42, 59.06, 0],
		[551, "SW22_2", 3513.94, -4278.42, "T", "DIP", "COL4", "", "C", 98.42, 98.42, 59.06, 0],
		[552, "SW22_2", 3513.94, -4278.42, "B", "DIP", "COL4", "", "C", 98.42, 98.42, 59.06, 0],
		[553, "SW22_3", 4006.06, -4081.58, "T", "DIP", "SW22_3", "", "C", 98.42, 98.42, 59.06, 0],
		[554, "SW22_3", 4006.06, -4081.58, "B", "DIP", "SW22_3", "", "C", 98.42, 98.42, 59.06, 0],
		[555, "SW22_4", 3513.94, -4081.57, "T", "DIP", "SW22_4", "", "C", 98.42, 98.42, 59.06, 0],
		[556, "SW22_4", 3513.94, -4081.57, "B", "DIP", "SW22_4", "", "C", 98.42, 98.42, 59.06, 0],
		[557, "SW23_1", 4641.06, -4278.43, "T", "DIP", "ROW2", "", "C", 98.42, 98.42, 59.06, 0],
		[558, "SW23_1", 4641.06, -4278.43, "B", "DIP", "ROW2", "", "C", 98.42, 98.42, 59.06, 0],
		[559, "SW23_2", 4148.94, -4278.42, "T", "DIP", "COL4", "", "C", 98.42, 98.42, 59.06, 0],
		[560, "SW23_2", 4148.94, -4278.42, "B", "DIP", "COL4", "", "C", 98.42, 98.42, 59.06, 0],
		[561, "SW23_3", 4641.06, -4081.58, "T", "DIP", "SW23_3", "", "C", 98.42, 98.42, 59.06, 0],
		[562, "SW23_3", 4641.06, -4081.58, "B", "DIP", "SW23_3", "", "C", 98.42, 98.42, 59.06, 0],
		[563, "SW23_4", 4148.94, -4081.57, "T", "DIP", "SW23_4", "", "C", 98.42, 98.42, 59.06, 0],
		[564, "SW23_4", 4148.94, -4081.57, "B", "DIP", "SW23_4", "", "C", 98.42, 98.42, 59.06, 0],
		[565, "SW24_1", 5266.06, -4278.43, "T", "DIP", "ROW3", "", "C", 98.42, 98.42, 59.06, 0],
		[566, "SW24_1", 5266.06, -4278.43, "B", "DIP", "ROW3", "", "C", 98.42, 98.42, 59.06, 0],
		[567, "SW24_2", 4773.94, -4278.42, "T", "DIP", "COL4", "", "C", 98.42, 98.42, 59.06, 0],
		[568, "SW24_2", 4773.94, -4278.42, "B", "DIP", "COL4", "", "C", 98.42, 98.42, 59.06, 0],
		[569, "SW24_3", 5266.06, -4081.58, "T", "DIP", "SW24_3", "", "C", 98.42, 98.42, 59.06, 0],
		[570, "SW24_3", 5266.06, -4081.58, "B", "DIP", "SW24_3", "", "C", 98.42, 98.42, 59.06, 0],
		[571, "SW24_4", 4773.94, -4081.57, "T", "DIP", "SW24_4", "", "C", 98.42, 98.42, 59.06, 0],
		[572, "SW24_4", 4773.94, -4081.57, "B", "DIP", "SW24_4", "", "C", 98.42, 98.42, 59.06, 0],
		[573, "SW25_1", 5936.06, -4283.43, "T", "DIP", "ROW4", "", "C", 98.42, 98.42, 59.06, 0],
		[574, "SW25_1", 5936.06, -4283.43, "B", "DIP", "ROW4", "", "C", 98.42, 98.42, 59.06, 0],
		[575, "SW25_2", 5443.94, -4283.42, "T", "DIP", "COL4", "", "C", 98.42, 98.42, 59.06, 0],
		[576, "SW25_2", 5443.94, -4283.42, "B", "DIP", "COL4", "", "C", 98.42, 98.42, 59.06, 0],
		[577, "SW25_3", 5936.06, -4086.58, "T", "DIP", "SW25_3", "", "C", 98.42, 98.42, 59.06, 0],
		[578, "SW25_3", 5936.06, -4086.58, "B", "DIP", "SW25_3", "", "C", 98.42, 98.42, 59.06, 0],
		[579, "SW25_4", 5443.94, -4086.57, "T", "DIP", "SW25_4", "", "C", 98.42, 98.42, 59.06, 0],
		[580, "SW25_4", 5443.94, -4086.57, "B", "DIP", "SW25_4", "", "C", 98.42, 98.42, 59.06, 0],
		[581, "SW26_1", 6606.06, -4293.43, "T", "DIP", "ROW5", "", "C", 98.42, 98.42, 59.06, 0],
		[582, "SW26_1", 6606.06, -4293.43, "B", "DIP", "ROW5", "", "C", 98.42, 98.42, 59.06, 0],
		[583, "SW26_2", 6113.94, -4293.42, "T", "DIP", "COL4", "", "C", 98.42, 98.42, 59.06, 0],
		[584, "SW26_2", 6113.94, -4293.42, "B", "DIP", "COL4", "", "C", 98.42, 98.42, 59.06, 0],
		[585, "SW26_3", 6606.06, -4096.58, "T", "DIP", "SW26_3", "", "C", 98.42, 98.42, 59.06, 0],
		[586, "SW26_3", 6606.06, -4096.58, "B", "DIP", "SW26_3", "", "C", 98.42, 98.42, 59.06, 0],
		[587, "SW26_4", 6113.94, -4096.57, "T", "DIP", "SW26_4", "", "C", 98.42, 98.42, 59.06, 0],
		[588, "SW26_4", 6113.94, -4096.57, "B", "DIP", "SW26_4", "", "C", 98.42, 98.42, 59.06, 0],
		[589, "SW27_1", 7251.06, -4288.43, "T", "DIP", "ROW6", "", "C", 98.42, 98.42, 59.06, 0],
		[590, "SW27_1", 7251.06, -4288.43, "B", "DIP", "ROW6", "", "C", 98.42, 98.42, 59.06, 0],
		[591, "SW27_2", 6758.94, -4288.43, "T", "DIP", "COL4", "", "C", 98.42, 98.42, 59.06, 0],
		[592, "SW27_2", 6758.94, -4288.43, "B", "DIP", "COL4", "", "C", 98.42, 98.42, 59.06, 0],
		[593, "SW27_3", 7251.06, -4091.58, "T", "DIP", "SW27_3", "", "C", 98.42, 98.42, 59.06, 0],
		[594, "SW27_3", 7251.06, -4091.58, "B", "DIP", "SW27_3", "", "C", 98.42, 98.42, 59.06, 0],
		[595, "SW27_4", 6758.94, -4091.58, "T", "DIP", "SW27_4", "", "C", 98.42, 98.42, 59.06, 0],
		[596, "SW27_4", 6758.94, -4091.58, "B", "DIP", "SW27_4", "", "C", 98.42, 98.42, 59.06, 0],
		[597, "SW28_1", 7921.06, -4288.43, "T", "DIP", "ROW7", "", "C", 98.42, 98.42, 59.06, 0],
		[598, "SW28_1", 7921.06, -4288.43, "B", "DIP", "ROW7", "", "C", 98.42, 98.42, 59.06, 0],
		[599, "SW28_2", 7428.94, -4288.42, "T", "DIP", "COL4", "", "C", 98.42, 98.42, 59.06, 0],
		[600, "SW28_2", 7428.94, -4288.42, "B", "DIP", "COL4", "", "C", 98.42, 98.42, 59.06, 0],
		[601, "SW28_3", 7921.06, -4091.58, "T", "DIP", "SW28_3", "", "C", 98.42, 98.42, 59.06, 0],
		[602, "SW28_3", 7921.06, -4091.58, "B", "DIP", "SW28_3", "", "C", 98.42, 98.42, 59.06, 0],
		[603, "SW28_4", 7428.94, -4091.57, "T", "DIP", "SW28_4", "", "C", 98.42, 98.42, 59.06, 0],
		[604, "SW28_4", 7428.94, -4091.57, "B", "DIP", "SW28_4", "", "C", 98.42, 98.42, 59.06, 0],
		[605, "SW29_1", 4006.06, -5113.43, "T", "DIP", "ROW1", "", "C", 98.42, 98.42, 59.06, 0],
		[606, "SW29_1", 4006.06, -5113.43, "B", "DIP", "ROW1", "", "C", 98.42, 98.42, 59.06, 0],
		[607, "SW29_2", 3513.94, -5113.42, "T", "DIP", "COL5", "", "C", 98.42, 98.42, 59.06, 0],
		[608, "SW29_2", 3513.94, -5113.42, "B", "DIP", "COL5", "", "C", 98.42, 98.42, 59.06, 0],
		[609, "SW29_3", 4006.06, -4916.58, "T", "DIP", "SW29_3", "", "C", 98.42, 98.42, 59.06, 0],
		[610, "SW29_3", 4006.06, -4916.58, "B", "DIP", "SW29_3", "", "C", 98.42, 98.42, 59.06, 0],
		[611, "SW29_4", 3513.94, -4916.57, "T", "DIP", "SW29_4", "", "C", 98.42, 98.42, 59.06, 0],
		[612, "SW29_4", 3513.94, -4916.57, "B", "DIP", "SW29_4", "", "C", 98.42, 98.42, 59.06, 0],
		[613, "SW30_1", 4646.06, -5113.43, "T", "DIP", "ROW2", "", "C", 98.42, 98.42, 59.06, 0],
		[614, "SW30_1", 4646.06, -5113.43, "B", "DIP", "ROW2", "", "C", 98.42, 98.42, 59.06, 0],
		[615, "SW30_2", 4153.94, -5113.42, "T", "DIP", "COL5", "", "C", 98.42, 98.42, 59.06, 0],
		[616, "SW30_2", 4153.94, -5113.42, "B", "DIP", "COL5", "", "C", 98.42, 98.42, 59.06, 0],
		[617, "SW30_3", 4646.06, -4916.58, "T", "DIP", "SW30_3", "", "C", 98.42, 98.42, 59.06, 0],
		[618, "SW30_3", 4646.06, -4916.58, "B", "DIP", "SW30_3", "", "C", 98.42, 98.42, 59.06, 0],
		[619, "SW30_4", 4153.94, -4916.57, "T", "DIP", "SW30_4", "", "C", 98.42, 98.42, 59.06, 0],
		[620, "SW30_4", 4153.94, -4916.57, "B", "DIP", "SW30_4", "", "C", 98.42, 98.42, 59.06, 0],
		[621, "SW31_1", 5271.06, -5118.43, "T", "DIP", "ROW3", "", "C", 98.42, 98.42, 59.06, 0],
		[622, "SW31_1", 5271.06, -5118.43, "B", "DIP", "ROW3", "", "C", 98.42, 98.42, 59.06, 0],
		[623, "SW31_2", 4778.94, -5118.42, "T", "DIP", "COL5", "", "C", 98.42, 98.42, 59.06, 0],
		[624, "SW31_2", 4778.94, -5118.42, "B", "DIP", "COL5", "", "C", 98.42, 98.42, 59.06, 0],
		[625, "SW31_3", 5271.06, -4921.58, "T", "DIP", "SW31_3", "", "C", 98.42, 98.42, 59.06, 0],
		[626, "SW31_3", 5271.06, -4921.58, "B", "DIP", "SW31_3", "", "C", 98.42, 98.42, 59.06, 0],
		[627, "SW31_4", 4778.94, -4921.57, "T", "DIP", "SW31_4", "", "C", 98.42, 98.42, 59.06, 0],
		[628, "SW31_4", 4778.94, -4921.57, "B", "DIP", "SW31_4", "", "C", 98.42, 98.42, 59.06, 0],
		[629, "SW32_1", 5936.06, -5118.43, "T", "DIP", "ROW4", "", "C", 98.42, 98.42, 59.06, 0],
		[630, "SW32_1", 5936.06, -5118.43, "B", "DIP", "ROW4", "", "C", 98.42, 98.42, 59.06, 0],
		[631, "SW32_2", 5443.94, -5118.42, "T", "DIP", "COL5", "", "C", 98.42, 98.42, 59.06, 0],
		[632, "SW32_2", 5443.94, -5118.42, "B", "DIP", "COL5", "", "C", 98.42, 98.42, 59.06, 0],
		[633, "SW32_3", 5936.06, -4921.58, "T", "DIP", "SW32_3", "", "C", 98.42, 98.42, 59.06, 0],
		[634, "SW32_3", 5936.06, -4921.58, "B", "DIP", "SW32_3", "", "C", 98.42, 98.42, 59.06, 0],
		[635, "SW32_4", 5443.94, -4921.57, "T", "DIP", "SW32_4", "", "C", 98.42, 98.42, 59.06, 0],
		[636, "SW32_4", 5443.94, -4921.57, "B", "DIP", "SW32_4", "", "C", 98.42, 98.42, 59.06, 0],
		[637, "SW33_1", 6611.06, -5128.42, "T", "DIP", "ROW5", "", "C", 98.42, 98.42, 59.06, 0],
		[638, "SW33_1", 6611.06, -5128.42, "B", "DIP", "ROW5", "", "C", 98.42, 98.42, 59.06, 0],
		[639, "SW33_2", 6118.94, -5128.42, "T", "DIP", "COL5", "", "C", 98.42, 98.42, 59.06, 0],
		[640, "SW33_2", 6118.94, -5128.42, "B", "DIP", "COL5", "", "C", 98.42, 98.42, 59.06, 0],
		[641, "SW33_3", 6611.06, -4931.58, "T", "DIP", "SW33_3", "", "C", 98.42, 98.42, 59.06, 0],
		[642, "SW33_3", 6611.06, -4931.58, "B", "DIP", "SW33_3", "", "C", 98.42, 98.42, 59.06, 0],
		[643, "SW33_4", 6118.94, -4931.57, "T", "DIP", "SW33_4", "", "C", 98.42, 98.42, 59.06, 0],
		[644, "SW33_4", 6118.94, -4931.57, "B", "DIP", "SW33_4", "", "C", 98.42, 98.42, 59.06, 0],
		[645, "SW34_1", 7251.06, -5123.42, "T", "DIP", "ROW6", "", "C", 98.42, 98.42, 59.06, 0],
		[646, "SW34_1", 7251.06, -5123.42, "B", "DIP", "ROW6", "", "C", 98.42, 98.42, 59.06, 0],
		[647, "SW34_2", 6758.94, -5123.42, "T", "DIP", "COL5", "", "C", 98.42, 98.42, 59.06, 0],
		[648, "SW34_2", 6758.94, -5123.42, "B", "DIP", "COL5", "", "C", 98.42, 98.42, 59.06, 0],
		[649, "SW34_3", 7251.06, -4926.58, "T", "DIP", "SW34_3", "", "C", 98.42, 98.42, 59.06, 0],
		[650, "SW34_3", 7251.06, -4926.58, "B", "DIP", "SW34_3", "", "C", 98.42, 98.42, 59.06, 0],
		[651, "SW34_4", 6758.94, -4926.58, "T", "DIP", "SW34_4", "", "C", 98.42, 98.42, 59.06, 0],
		[652, "SW34_4", 6758.94, -4926.58, "B", "DIP", "SW34_4", "", "C", 98.42, 98.42, 59.06, 0],
		[653, "SW35_1", 7926.06, -5123.42, "T", "DIP", "ROW7", "", "C", 98.42, 98.42, 59.06, 0],
		[654, "SW35_1", 7926.06, -5123.42, "B", "DIP", "ROW7", "", "C", 98.42, 98.42, 59.06, 0],
		[655, "SW35_2", 7433.94, -5123.42, "T", "DIP", "COL5", "", "C", 98.42, 98.42, 59.06, 0],
		[656, "SW35_2", 7433.94, -5123.42, "B", "DIP", "COL5", "", "C", 98.42, 98.42, 59.06, 0],
		[657, "SW35_3", 7926.06, -4926.58, "T", "DIP", "SW35_3", "", "C", 98.42, 98.42, 59.06, 0],
		[658, "SW35_3", 7926.06, -4926.58, "B", "DIP", "SW35_3", "", "C", 98.42, 98.42, 59.06, 0],
		[659, "SW35_4", 7433.94, -4926.57, "T", "DIP", "SW35_4", "", "C", 98.42, 98.42, 59.06, 0],
		[660, "SW35_4", 7433.94, -4926.57, "B", "DIP", "SW35_4", "", "C", 98.42, 98.42, 59.06, 0],
		[661, "SW36_1", 4011.06, -5948.42, "T", "DIP", "ROW1", "", "C", 98.42, 98.42, 59.06, 0],
		[662, "SW36_1", 4011.06, -5948.42, "B", "DIP", "ROW1", "", "C", 98.42, 98.42, 59.06, 0],
		[663, "SW36_2", 3518.94, -5948.42, "T", "DIP", "COL6", "", "C", 98.42, 98.42, 59.06, 0],
		[664, "SW36_2", 3518.94, -5948.42, "B", "DIP", "COL6", "", "C", 98.42, 98.42, 59.06, 0],
		[665, "SW36_3", 4011.06, -5751.58, "T", "DIP", "SW36_3", "", "C", 98.42, 98.42, 59.06, 0],
		[666, "SW36_3", 4011.06, -5751.58, "B", "DIP", "SW36_3", "", "C", 98.42, 98.42, 59.06, 0],
		[667, "SW36_4", 3518.94, -5751.58, "T", "DIP", "SW36_4", "", "C", 98.42, 98.42, 59.06, 0],
		[668, "SW36_4", 3518.94, -5751.58, "B", "DIP", "SW36_4", "", "C", 98.42, 98.42, 59.06, 0],
		[669, "SW37_1", 4646.06, -5948.42, "T", "DIP", "ROW2", "", "C", 98.42, 98.42, 59.06, 0],
		[670, "SW37_1", 4646.06, -5948.42, "B", "DIP", "ROW2", "", "C", 98.42, 98.42, 59.06, 0],
		[671, "SW37_2", 4153.94, -5948.42, "T", "DIP", "COL6", "", "C", 98.42, 98.42, 59.06, 0],
		[672, "SW37_2", 4153.94, -5948.42, "B", "DIP", "COL6", "", "C", 98.42, 98.42, 59.06, 0],
		[673, "SW37_3", 4646.06, -5751.57, "T", "DIP", "SW37_3", "", "C", 98.42, 98.42, 59.06, 0],
		[674, "SW37_3", 4646.06, -5751.57, "B", "DIP", "SW37_3", "", "C", 98.42, 98.42, 59.06, 0],
		[675, "SW37_4", 4153.94, -5751.58, "T", "DIP", "SW37_4", "", "C", 98.42, 98.42, 59.06, 0],
		[676, "SW37_4", 4153.94, -5751.58, "B", "DIP", "SW37_4", "", "C", 98.42, 98.42, 59.06, 0],
		[677, "SW38_1", 5266.06, -5953.42, "T", "DIP", "ROW3", "", "C", 98.42, 98.42, 59.06, 0],
		[678, "SW38_1", 5266.06, -5953.42, "B", "DIP", "ROW3", "", "C", 98.42, 98.42, 59.06, 0],
		[679, "SW38_2", 4773.94, -5953.42, "T", "DIP", "COL6", "", "C", 98.42, 98.42, 59.06, 0],
		[680, "SW38_2", 4773.94, -5953.42, "B", "DIP", "COL6", "", "C", 98.42, 98.42, 59.06, 0],
		[681, "SW38_3", 5266.06, -5756.58, "T", "DIP", "SW38_3", "", "C", 98.42, 98.42, 59.06, 0],
		[682, "SW38_3", 5266.06, -5756.58, "B", "DIP", "SW38_3", "", "C", 98.42, 98.42, 59.06, 0],
		[683, "SW38_4", 4773.94, -5756.58, "T", "DIP", "SW38_4", "", "C", 98.42, 98.42, 59.06, 0],
		[684, "SW38_4", 4773.94, -5756.58, "B", "DIP", "SW38_4", "", "C", 98.42, 98.42, 59.06, 0],
		[685, "SW39_1", 5936.06, -5958.42, "T", "DIP", "ROW4", "", "C", 98.42, 98.42, 59.06, 0],
		[686, "SW39_1", 5936.06, -5958.42, "B", "DIP", "ROW4", "", "C", 98.42, 98.42, 59.06, 0],
		[687, "SW39_2", 5443.94, -5958.42, "T", "DIP", "COL6", "", "C", 98.42, 98.42, 59.06, 0],
		[688, "SW39_2", 5443.94, -5958.42, "B", "DIP", "COL6", "", "C", 98.42, 98.42, 59.06, 0],
		[689, "SW39_3", 5936.06, -5761.58, "T", "DIP", "SW39_3", "", "C", 98.42, 98.42, 59.06, 0],
		[690, "SW39_3", 5936.06, -5761.58, "B", "DIP", "SW39_3", "", "C", 98.42, 98.42, 59.06, 0],
		[691, "SW39_4", 5443.94, -5761.58, "T", "DIP", "SW39_4", "", "C", 98.42, 98.42, 59.06, 0],
		[692, "SW39_4", 5443.94, -5761.58, "B", "DIP", "SW39_4", "", "C", 98.42, 98.42, 59.06, 0],
		[693, "SW40_1", 6611.06, -5968.42, "T", "DIP", "ROW5", "", "C", 98.42, 98.42, 59.06, 0],
		[694, "SW40_1", 6611.06, -5968.42, "B", "DIP", "ROW5", "", "C", 98.42, 98.42, 59.06, 0],
		[695, "SW40_2", 6118.94, -5968.42, "T", "DIP", "COL6", "", "C", 98.42, 98.42, 59.06, 0],
		[696, "SW40_2", 6118.94, -5968.42, "B", "DIP", "COL6", "", "C", 98.42, 98.42, 59.06, 0],
		[697, "SW40_3", 6611.06, -5771.58, "T", "DIP", "SW40_3", "", "C", 98.42, 98.42, 59.06, 0],
		[698, "SW40_3", 6611.06, -5771.58, "B", "DIP", "SW40_3", "", "C", 98.42, 98.42, 59.06, 0],
		[699, "SW40_4", 6118.94, -5771.58, "T", "DIP", "SW40_4", "", "C", 98.42, 98.42, 59.06, 0],
		[700, "SW40_4", 6118.94, -5771.58, "B", "DIP", "SW40_4", "", "C", 98.42, 98.42, 59.06, 0],
		[701, "SW41_1", 7251.06, -5958.42, "T", "DIP", "ROW6", "", "C", 98.42, 98.42, 59.06, 0],
		[702, "SW41_1", 7251.06, -5958.42, "B", "DIP", "ROW6", "", "C", 98.42, 98.42, 59.06, 0],
		[703, "SW41_2", 6758.94, -5958.42, "T", "DIP", "COL6", "", "C", 98.42, 98.42, 59.06, 0],
		[704, "SW41_2", 6758.94, -5958.42, "B", "DIP", "COL6", "", "C", 98.42, 98.42, 59.06, 0],
		[705, "SW41_3", 7251.06, -5761.58, "T", "DIP", "SW41_3", "", "C", 98.42, 98.42, 59.06, 0],
		[706, "SW41_3", 7251.06, -5761.58, "B", "DIP", "SW41_3", "", "C", 98.42, 98.42, 59.06, 0],
		[707, "SW41_4", 6758.94, -5761.58, "T", "DIP", "SW41_4", "", "C", 98.42, 98.42, 59.06, 0],
		[708, "SW41_4", 6758.94, -5761.58, "B", "DIP", "SW41_4", "", "C", 98.42, 98.42, 59.06, 0],
		[709, "SW42_1", 7926.06, -5958.42, "T", "DIP", "ROW7", "", "C", 98.42, 98.42, 59.06, 0],
		[710, "SW42_1", 7926.06, -5958.42, "B", "DIP", "ROW7", "", "C", 98.42, 98.42, 59.06, 0],
		[711, "SW42_2", 7433.94, -5958.42, "T", "DIP", "COL6", "", "C", 98.42, 98.42, 59.06, 0],
		[712, "SW42_2", 7433.94, -5958.42, "B", "DIP", "COL6", "", "C", 98.42, 98.42, 59.06, 0],
		[713, "SW42_3", 7926.06, -5761.58, "T", "DIP", "SW42_3", "", "C", 98.42, 98.42, 59.06, 0],
		[714, "SW42_3", 7926.06, -5761.58, "B", "DIP", "SW42_3", "", "C", 98.42, 98.42, 59.06, 0],
		[715, "SW42_4", 7433.94, -5761.58, "T", "DIP", "SW42_4", "", "C", 98.42, 98.42, 59.06, 0],
		[716, "SW42_4", 7433.94, -5761.58, "B", "DIP", "SW42_4", "", "C", 98.42, 98.42, 59.06, 0],
		[717, "SW43_1", 2471.06, -4563.43, "T", "DIP", "CTRL1", "", "C", 98.42, 98.42, 59.06, 0],
		[718, "SW43_1", 2471.06, -4563.43, "B", "DIP", "CTRL1", "", "C", 98.42, 98.42, 59.06, 0],
		[719, "SW43_2", 1978.94, -4563.42, "T", "DIP", "3VDC", "", "C", 98.42, 98.42, 59.06, 0],
		[720, "SW43_2", 1978.94, -4563.42, "B", "DIP", "3VDC", "", "C", 98.42, 98.42, 59.06, 0],
		[721, "SW43_3", 2471.06, -4366.58, "T", "DIP", "SW43_3", "", "C", 98.42, 98.42, 59.06, 0],
		[722, "SW43_3", 2471.06, -4366.58, "B", "DIP", "SW43_3", "", "C", 98.42, 98.42, 59.06, 0],
		[723, "SW43_4", 1978.94, -4366.57, "T", "DIP", "SW43_4", "", "C", 98.42, 98.42, 59.06, 0],
		[724, "SW43_4", 1978.94, -4366.57, "B", "DIP", "SW43_4", "", "C", 98.42, 98.42, 59.06, 0],
		[725, "SW44_1", 2241.06, -5098.43, "T", "DIP", "CTRL2", "", "C", 98.42, 98.42, 59.06, 0],
		[726, "SW44_1", 2241.06, -5098.43, "B", "DIP", "CTRL2", "", "C", 98.42, 98.42, 59.06, 0],
		[727, "SW44_2", 1748.94, -5098.42, "T", "DIP", "3VDC", "", "C", 98.42, 98.42, 59.06, 0],
		[728, "SW44_2", 1748.94, -5098.42, "B", "DIP", "3VDC", "", "C", 98.42, 98.42, 59.06, 0],
		[729, "SW44_3", 2241.06, -4901.58, "T", "DIP", "SW44_3", "", "C", 98.42, 98.42, 59.06, 0],
		[730, "SW44_3", 2241.06, -4901.58, "B", "DIP", "SW44_3", "", "C", 98.42, 98.42, 59.06, 0],
		[731, "SW44_4", 1748.94, -4901.57, "T", "DIP", "SW44_4", "", "C", 98.42, 98.42, 59.06, 0],
		[732, "SW44_4", 1748.94, -4901.57, "B", "DIP", "SW44_4", "", "C", 98.42, 98.42, 59.06, 0],
		[733, "SW45_1", 2471.06, -5643.42, "T", "DIP", "CTRL3", "", "C", 98.42, 98.42, 59.06, 0],
		[734, "SW45_1", 2471.06, -5643.42, "B", "DIP", "CTRL3", "", "C", 98.42, 98.42, 59.06, 0],
		[735, "SW45_2", 1978.94, -5643.42, "T", "DIP", "3VDC", "", "C", 98.42, 98.42, 59.06, 0],
		[736, "SW45_2", 1978.94, -5643.42, "B", "DIP", "3VDC", "", "C", 98.42, 98.42, 59.06, 0],
		[737, "SW45_3", 2471.06, -5446.58, "T", "DIP", "SW45_3", "", "C", 98.42, 98.42, 59.06, 0],
		[738, "SW45_3", 2471.06, -5446.58, "B", "DIP", "SW45_3", "", "C", 98.42, 98.42, 59.06, 0],
		[739, "SW45_4", 1978.94, -5446.58, "T", "DIP", "SW45_4", "", "C", 98.42, 98.42, 59.06, 0],
		[740, "SW45_4", 1978.94, -5446.58, "B", "DIP", "SW45_4", "", "C", 98.42, 98.42, 59.06, 0],
		[741, "SW46_1", 3241.06, -5643.42, "T", "DIP", "CTRL4", "", "C", 98.42, 98.42, 59.06, 0],
		[742, "SW46_1", 3241.06, -5643.42, "B", "DIP", "CTRL4", "", "C", 98.42, 98.42, 59.06, 0],
		[743, "SW46_2", 2748.94, -5643.42, "T", "DIP", "3VDC", "", "C", 98.42, 98.42, 59.06, 0],
		[744, "SW46_2", 2748.94, -5643.42, "B", "DIP", "3VDC", "", "C", 98.42, 98.42, 59.06, 0],
		[745, "SW46_3", 3241.06, -5446.58, "T", "DIP", "SW46_3", "", "C", 98.42, 98.42, 59.06, 0],
		[746, "SW46_3", 3241.06, -5446.58, "B", "DIP", "SW46_3", "", "C", 98.42, 98.42, 59.06, 0],
		[747, "SW46_4", 2748.94, -5446.58, "T", "DIP", "SW46_4", "", "C", 98.42, 98.42, 59.06, 0],
		[748, "SW46_4", 2748.94, -5446.58, "B", "DIP", "SW46_4", "", "C", 98.42, 98.42, 59.06, 0],
		[749, "SW47_1", 3066.06, -5098.43, "T", "DIP", "CTRL5", "", "C", 98.42, 98.42, 59.06, 0],
		[750, "SW47_1", 3066.06, -5098.43, "B", "DIP", "CTRL5", "", "C", 98.42, 98.42, 59.06, 0],
		[751, "SW47_2", 2573.94, -5098.42, "T", "DIP", "3VDC", "", "C", 98.42, 98.42, 59.06, 0],
		[752, "SW47_2", 2573.94, -5098.42, "B", "DIP", "3VDC", "", "C", 98.42, 98.42, 59.06, 0],
		[753, "SW47_3", 3066.06, -4901.58, "T", "DIP", "SW47_3", "", "C", 98.42, 98.42, 59.06, 0],
		[754, "SW47_3", 3066.06, -4901.58, "B", "DIP", "SW47_3", "", "C", 98.42, 98.42, 59.06, 0],
		[755, "SW47_4", 2573.94, -4901.57, "T", "DIP", "SW47_4", "", "C", 98.42, 98.42, 59.06, 0],
		[756, "SW47_4", 2573.94, -4901.57, "B", "DIP", "SW47_4", "", "C", 98.42, 98.42, 59.06, 0],
		[757, "SW48_1", 3231.06, -4558.43, "T", "DIP", "CTRL6", "", "C", 98.42, 98.42, 59.06, 0],
		[758, "SW48_1", 3231.06, -4558.43, "B", "DIP", "CTRL6", "", "C", 98.42, 98.42, 59.06, 0],
		[759, "SW48_2", 2738.94, -4558.42, "T", "DIP", "3VDC", "", "C", 98.42, 98.42, 59.06, 0],
		[760, "SW48_2", 2738.94, -4558.42, "B", "DIP", "3VDC", "", "C", 98.42, 98.42, 59.06, 0],
		[761, "SW48_3", 3231.06, -4361.58, "T", "DIP", "SW48_3", "", "C", 98.42, 98.42, 59.06, 0],
		[762, "SW48_3", 3231.06, -4361.58, "B", "DIP", "SW48_3", "", "C", 98.42, 98.42, 59.06, 0],
		[763, "SW48_4", 2738.94, -4361.57, "T", "DIP", "SW48_4", "", "C", 98.42, 98.42, 59.06, 0],
		[764, "SW48_4", 2738.94, -4361.57, "B", "DIP", "SW48_4", "", "C", 98.42, 98.42, 59.06, 0],
		[765, "SW49_1", 1478.11, -887.01, "T", "DIP", "SW49_1", "", "C", 60, 60, 36, 0],
		[766, "SW49_1", 1478.11, -887.01, "B", "DIP", "SW49_1", "", "C", 60, 60, 36, 0],
		[767, "SW49_2", 1478.11, -965.75, "T", "DIP", "TPWR", "", "C", 60, 60, 36, 0],
		[768, "SW49_2", 1478.11, -965.75, "B", "DIP", "TPWR", "", "C", 60, 60, 36, 0],
		[769, "SW49_3", 1741.89, -887.01, "T", "DIP", "SW49_3", "", "C", 60, 60, 36, 0],
		[770, "SW49_3", 1741.89, -887.01, "B", "DIP", "SW49_3", "", "C", 60, 60, 36, 0],
		[771, "SW49_4", 1741.89, -965.75, "T", "DIP", "$1N122", "", "C", 60, 60, 36, 0],
		[772, "SW49_4", 1741.89, -965.75, "B", "DIP", "$1N122", "", "C", 60, 60, 36, 0],
		[773, "SW49_5", 1570.63, -1012.99, "T", "DIP", "5VDC", "", "C", 60, 60, 36, 0],
		[774, "SW49_5", 1570.63, -1012.99, "B", "DIP", "5VDC", "", "C", 60, 60, 36, 0],
		[775, "SW49_6", 1649.37, -1012.99, "T", "DIP", "$1N122", "", "C", 60, 60, 36, 0],
		[776, "SW49_6", 1649.37, -1012.99, "B", "DIP", "$1N122", "", "C", 60, 60, 36, 0],
		[777, "U1_0", 800, -1995, "T", "DIP", "MIDII3", "", "C", 60.24, 60.24, 40.16, 90],
		[778, "U1_0", 800, -1995, "B", "DIP", "MIDII3", "", "C", 60.24, 60.24, 40.16, 90],
		[779, "U1_1", 900, -1995, "T", "DIP", "MIDIO3", "", "C", 60.24, 60.24, 40.16, 90],
		[780, "U1_1", 900, -1995, "B", "DIP", "MIDIO3", "", "C", 60.24, 60.24, 40.16, 90],
		[781, "U1_2", 1000, -1995, "T", "DIP", "MUXR1", "", "C", 60.24, 60.24, 40.16, 90],
		[782, "U1_2", 1000, -1995, "B", "DIP", "MUXR1", "", "C", 60.24, 60.24, 40.16, 90],
		[783, "U1_3", 1100, -1995, "T", "DIP", "MUXR2", "", "C", 60.24, 60.24, 40.16, 90],
		[784, "U1_3", 1100, -1995, "B", "DIP", "MUXR2", "", "C", 60.24, 60.24, 40.16, 90],
		[785, "U1_4", 1200, -1995, "T", "DIP", "MUXR3", "", "C", 60.24, 60.24, 40.16, 90],
		[786, "U1_4", 1200, -1995, "B", "DIP", "MUXR3", "", "C", 60.24, 60.24, 40.16, 90],
		[787, "U1_5", 1300, -1995, "T", "DIP", "MUXR4", "", "C", 60.24, 60.24, 40.16, 90],
		[788, "U1_5", 1300, -1995, "B", "DIP", "MUXR4", "", "C", 60.24, 60.24, 40.16, 90],
		[789, "U1_6", 1400, -1995, "T", "DIP", "LED", "", "C", 60.24, 60.24, 40.16, 90],
		[790, "U1_6", 1400, -1995, "B", "DIP", "LED", "", "C", 60.24, 60.24, 40.16, 90],
		[791, "U1_7", 1500, -1995, "T", "DIP", "U1_7", "", "C", 60.24, 60.24, 40.16, 90],
		[792, "U1_7", 1500, -1995, "B", "DIP", "U1_7", "", "C", 60.24, 60.24, 40.16, 90],
		[793, "U1_8", 1600, -1995, "T", "DIP", "MUXC1", "", "C", 60.24, 60.24, 40.16, 90],
		[794, "U1_8", 1600, -1995, "B", "DIP", "MUXC1", "", "C", 60.24, 60.24, 40.16, 90],
		[795, "U1_9", 1700, -1995, "T", "DIP", "MUXC2", "", "C", 60.24, 60.24, 40.16, 90],
		[796, "U1_9", 1700, -1995, "B", "DIP", "MUXC2", "", "C", 60.24, 60.24, 40.16, 90],
		[797, "U1_10", 1800, -1995, "T", "DIP", "MUXC3", "", "C", 60.24, 60.24, 40.16, 90],
		[798, "U1_10", 1800, -1995, "B", "DIP", "MUXC3", "", "C", 60.24, 60.24, 40.16, 90],
		[799, "U1_11", 1900, -1995, "T", "DIP", "MUXC4", "", "C", 60.24, 60.24, 40.16, 90],
		[800, "U1_11", 1900, -1995, "B", "DIP", "MUXC4", "", "C", 60.24, 60.24, 40.16, 90],
		[801, "U1_12", 2000, -1995, "T", "DIP", "U1_12", "", "C", 60.24, 60.24, 40.16, 90],
		[802, "U1_12", 2000, -1995, "B", "DIP", "U1_12", "", "C", 60.24, 60.24, 40.16, 90],
		[803, "U1_13", 2000, -1395, "T", "DIP", "U1_13", "", "C", 60.24, 60.24, 40.16, 90],
		[804, "U1_13", 2000, -1395, "B", "DIP", "U1_13", "", "C", 60.24, 60.24, 40.16, 90],
		[805, "U1_14", 1900, -1395, "T", "DIP", "E1", "", "C", 60.24, 60.24, 40.16, 90],
		[806, "U1_14", 1900, -1395, "B", "DIP", "E1", "", "C", 60.24, 60.24, 40.16, 90],
		[807, "U1_15", 1800, -1395, "T", "DIP", "E2", "", "C", 60.24, 60.24, 40.16, 90],
		[808, "U1_15", 1800, -1395, "B", "DIP", "E2", "", "C", 60.24, 60.24, 40.16, 90],
		[809, "U1_16", 1700, -1395, "T", "DIP", "E3", "", "C", 60.24, 60.24, 40.16, 90],
		[810, "U1_16", 1700, -1395, "B", "DIP", "E3", "", "C", 60.24, 60.24, 40.16, 90],
		[811, "U1_17", 1600, -1395, "T", "DIP", "E4", "", "C", 60.24, 60.24, 40.16, 90],
		[812, "U1_17", 1600, -1395, "B", "DIP", "E4", "", "C", 60.24, 60.24, 40.16, 90],
		[813, "U1_18", 1500, -1395, "T", "DIP", "SDA", "", "C", 60.24, 60.24, 40.16, 90],
		[814, "U1_18", 1500, -1395, "B", "DIP", "SDA", "", "C", 60.24, 60.24, 40.16, 90],
		[815, "U1_19", 1400, -1395, "T", "DIP", "SCL", "", "C", 60.24, 60.24, 40.16, 90],
		[816, "U1_19", 1400, -1395, "B", "DIP", "SCL", "", "C", 60.24, 60.24, 40.16, 90],
		[817, "U1_20", 1300, -1395, "T", "DIP", "E5", "", "C", 60.24, 60.24, 40.16, 90],
		[818, "U1_20", 1300, -1395, "B", "DIP", "E5", "", "C", 60.24, 60.24, 40.16, 90],
		[819, "U1_21", 1200, -1395, "T", "DIP", "E6", "", "C", 60.24, 60.24, 40.16, 90],
		[820, "U1_21", 1200, -1395, "B", "DIP", "E6", "", "C", 60.24, 60.24, 40.16, 90],
		[821, "U1_22", 1100, -1395, "T", "DIP", "MRR", "", "C", 60.24, 60.24, 40.16, 90],
		[822, "U1_22", 1100, -1395, "B", "DIP", "MRR", "", "C", 60.24, 60.24, 40.16, 90],
		[823, "U1_23", 1000, -1395, "T", "DIP", "MRC", "", "C", 60.24, 60.24, 40.16, 90],
		[824, "U1_23", 1000, -1395, "B", "DIP", "MRC", "", "C", 60.24, 60.24, 40.16, 90],
		[825, "U1_3.3V_1", 2000, -1795, "T", "DIP", "3VDC", "", "C", 60.24, 60.24, 40.16, 90],
		[826, "U1_3.3V_1", 2000, -1795, "B", "DIP", "3VDC", "", "C", 60.24, 60.24, 40.16, 90],
		[827, "U1_3.3V_2", 900, -1395, "T", "DIP", "3VDC", "", "C", 60.24, 60.24, 40.16, 90],
		[828, "U1_3.3V_2", 900, -1395, "B", "DIP", "3VDC", "", "C", 60.24, 60.24, 40.16, 90],
		[829, "U1_G1", 700, -1995, "T", "DIP", "GND", "GND", "C", 60.24, 60.24, 40.16, 90],
		[830, "U1_G1", 700, -1995, "B", "DIP", "GND", "GND", "C", 60.24, 60.24, 40.16, 90],
		[831, "U1_G2", 2000, -1695, "T", "DIP", "GND", "GND", "C", 60.24, 60.24, 40.16, 90],
		[832, "U1_G2", 2000, -1695, "B", "DIP", "GND", "GND", "C", 60.24, 60.24, 40.16, 90],
		[833, "U1_G3", 800, -1395, "T", "DIP", "GND", "GND", "C", 60.24, 60.24, 40.16, 90],
		[834, "U1_G3", 800, -1395, "B", "DIP", "GND", "GND", "C", 60.24, 60.24, 40.16, 90],
		[835, "U1_ON-OFF", 2000, -1495, "T", "DIP", "U1_ON-OFF", "", "C", 60.24, 60.24, 40.16, 90],
		[836, "U1_ON-OFF", 2000, -1495, "B", "DIP", "U1_ON-OFF", "", "C", 60.24, 60.24, 40.16, 90],
		[837, "U1_PGM", 2000, -1595, "T", "DIP", "U1_PGM", "", "C", 60.24, 60.24, 40.16, 90],
		[838, "U1_PGM", 2000, -1595, "B", "DIP", "U1_PGM", "", "C", 60.24, 60.24, 40.16, 90],
		[839, "U1_VBAT", 2000, -1895, "T", "DIP", "U1_VBAT", "", "C", 60.24, 60.24, 40.16, 90],
		[840, "U1_VBAT", 2000, -1895, "B", "DIP", "U1_VBAT", "", "C", 60.24, 60.24, 40.16, 90],
		[841, "U1_VIN", 700, -1395, "T", "DIP", "TPWR", "", "C", 60.24, 60.24, 40.16, 90],
		[842, "U1_VIN", 700, -1395, "B", "DIP", "TPWR", "", "C", 60.24, 60.24, 40.16, 90],
		[843, "U2_1", 2726.77, -2650, "T", "SMD", "MRR", "", "O", 22.6, 94.02, 0, 90],
		[844, "U2_2", 2726.77, -2600, "T", "SMD", "COL1", "", "O", 22.6, 94.02, 0, 90],
		[845, "U2_3", 2726.77, -2550, "T", "SMD", "ROW7", "", "O", 22.6, 94.02, 0, 90],
		[846, "U2_4", 2726.77, -2500, "T", "SMD", "ROW6", "", "O", 22.6, 94.02, 0, 90],
		[847, "U2_5", 2726.77, -2450, "T", "SMD", "ROW5", "", "O", 22.6, 94.02, 0, 90],
		[848, "U2_6", 2726.77, -2400, "T", "SMD", "ROW4", "", "O", 22.6, 94.02, 0, 90],
		[849, "U2_7", 2726.77, -2350, "T", "SMD", "ROW3", "", "O", 22.6, 94.02, 0, 90],
		[850, "U2_8", 2726.77, -2300, "T", "SMD", "ROW2", "", "O", 22.6, 94.02, 0, 90],
		[851, "U2_9", 2726.77, -2250, "T", "SMD", "ROW1", "", "O", 22.6, 94.02, 0, 90],
		[852, "U2_10", 2726.77, -2200, "T", "SMD", "MUXR1", "", "O", 22.6, 94.02, 0, 90],
		[853, "U2_11", 2726.77, -2150, "T", "SMD", "MUXR2", "", "O", 22.6, 94.02, 0, 90],
		[854, "U2_12", 2726.77, -2100, "T", "SMD", "GND", "GND", "O", 22.6, 94.02, 0, 90],
		[855, "U2_13", 2353.23, -2100, "T", "SMD", "MUXR4", "", "O", 22.6, 94.02, 0, 90],
		[856, "U2_14", 2353.23, -2150, "T", "SMD", "MUXR3", "", "O", 22.6, 94.02, 0, 90],
		[857, "U2_15", 2353.23, -2200, "T", "SMD", "GND", "GND", "O", 22.6, 94.02, 0, 90],
		[858, "U2_16", 2353.23, -2250, "T", "SMD", "U2_16", "", "O", 22.6, 94.02, 0, 90],
		[859, "U2_17", 2353.23, -2300, "T", "SMD", "U2_17", "", "O", 22.6, 94.02, 0, 90],
		[860, "U2_18", 2353.23, -2350, "T", "SMD", "U2_18", "", "O", 22.6, 94.02, 0, 90],
		[861, "U2_19", 2353.23, -2400, "T", "SMD", "COL6", "", "O", 22.6, 94.02, 0, 90],
		[862, "U2_20", 2353.23, -2450, "T", "SMD", "COL5", "", "O", 22.6, 94.02, 0, 90],
		[863, "U2_21", 2353.23, -2500, "T", "SMD", "COL4", "", "O", 22.6, 94.02, 0, 90],
		[864, "U2_22", 2353.23, -2550, "T", "SMD", "COL3", "", "O", 22.6, 94.02, 0, 90],
		[865, "U2_23", 2353.23, -2600, "T", "SMD", "COL2", "", "O", 22.6, 94.02, 0, 90],
		[866, "U2_24", 2353.23, -2650, "T", "SMD", "3VDC", "", "O", 22.6, 94.02, 0, 90],
		[867, "U3_1", 2081.77, -4025, "T", "SMD", "MRC", "", "O", 22.6, 94.02, 0, 90],
		[868, "U3_2", 2081.77, -3975, "T", "SMD", "FP2", "", "O", 22.6, 94.02, 0, 90],
		[869, "U3_3", 2081.77, -3925, "T", "SMD", "CTRL6", "", "O", 22.6, 94.02, 0, 90],
		[870, "U3_4", 2081.77, -3875, "T", "SMD", "CTRL5", "", "O", 22.6, 94.02, 0, 90],
		[871, "U3_5", 2081.77, -3825, "T", "SMD", "CTRL4", "", "O", 22.6, 94.02, 0, 90],
		[872, "U3_6", 2081.77, -3775, "T", "SMD", "CTRL3", "", "O", 22.6, 94.02, 0, 90],
		[873, "U3_7", 2081.77, -3725, "T", "SMD", "CTRL2", "", "O", 22.6, 94.02, 0, 90],
		[874, "U3_8", 2081.77, -3675, "T", "SMD", "CTRL1", "", "O", 22.6, 94.02, 0, 90],
		[875, "U3_9", 2081.77, -3625, "T", "SMD", "FP1", "", "O", 22.6, 94.02, 0, 90],
		[876, "U3_10", 2081.77, -3575, "T", "SMD", "MUXC1", "", "O", 22.6, 94.02, 0, 90],
		[877, "U3_11", 2081.77, -3525, "T", "SMD", "MUXC2", "", "O", 22.6, 94.02, 0, 90],
		[878, "U3_12", 2081.77, -3475, "T", "SMD", "GND", "GND", "O", 22.6, 94.02, 0, 90],
		[879, "U3_13", 1708.23, -3475, "T", "SMD", "MUXC4", "", "O", 22.6, 94.02, 0, 90],
		[880, "U3_14", 1708.23, -3525, "T", "SMD", "MUXC3", "", "O", 22.6, 94.02, 0, 90],
		[881, "U3_15", 1708.23, -3575, "T", "SMD", "GND", "GND", "O", 22.6, 94.02, 0, 90],
		[882, "U3_16", 1708.23, -3625, "T", "SMD", "U3_16", "", "O", 22.6, 94.02, 0, 90],
		[883, "U3_17", 1708.23, -3675, "T", "SMD", "U3_17", "", "O", 22.6, 94.02, 0, 90],
		[884, "U3_18", 1708.23, -3725, "T", "SMD", "U3_18", "", "O", 22.6, 94.02, 0, 90],
		[885, "U3_19", 1708.23, -3775, "T", "SMD", "U3_19", "", "O", 22.6, 94.02, 0, 90],
		[886, "U3_20", 1708.23, -3825, "T", "SMD", "U3_20", "", "O", 22.6, 94.02, 0, 90],
		[887, "U3_21", 1708.23, -3875, "T", "SMD", "U3_21", "", "O", 22.6, 94.02, 0, 90],
		[888, "U3_22", 1708.23, -3925, "T", "SMD", "U3_22", "", "O", 22.6, 94.02, 0, 90],
		[889, "U3_23", 1708.23, -3975, "T", "SMD", "MAIN", "", "O", 22.6, 94.02, 0, 90],
		[890, "U3_24", 1708.23, -4025, "T", "SMD", "3VDC", "", "O", 22.6, 94.02, 0, 90],
		[891, "U4_1", 2001.54, -2139.14, "T", "SMD", "LED", "", "R", 7.87, 43.31, 0, 270],
		[892, "U4_2", 1999.57, -2154.88, "T", "SMD", "MIDII3", "", "R", 7.87, 39.37, 0, 270],
		[893, "U4_3", 1999.57, -2170.64, "T", "SMD", "MIDIO3", "", "R", 7.87, 39.37, 0, 270],
		[894, "U4_4", 1999.57, -2186.38, "T", "SMD", "U4_4", "", "R", 7.87, 39.37, 0, 270],
		[895, "U4_5", 1999.57, -2202.13, "T", "SMD", "3VDC", "", "R", 7.87, 39.37, 0, 270],
		[896, "U4_6", 1999.57, -2217.88, "T", "SMD", "GND", "GND", "R", 7.87, 39.37, 0, 270],
		[897, "U4_7", 1999.57, -2233.63, "T", "SMD", "U4_7", "", "R", 7.87, 39.37, 0, 270],
		[898, "U4_8", 1999.57, -2249.38, "T", "SMD", "U4_8", "", "R", 7.87, 39.37, 0, 270],
		[899, "U4_9", 1999.57, -2265.12, "T", "SMD", "U4_9", "", "R", 7.87, 39.37, 0, 270],
		[900, "U4_10", 1999.57, -2280.86, "T", "SMD", "U4_10", "", "R", 7.87, 39.37, 0, 270],
		[901, "U4_11", 2070.43, -2280.86, "T", "SMD", "U4_11", "", "R", 7.87, 39.37, 0, 270],
		[902, "U4_12", 2070.43, -2265.12, "T", "SMD", "U4_12", "", "R", 7.87, 39.37, 0, 270],
		[903, "U4_13", 2070.43, -2249.38, "T", "SMD", "U4_13", "", "R", 7.87, 39.37, 0, 270],
		[904, "U4_14", 2070.43, -2233.63, "T", "SMD", "U4_14", "", "R", 7.87, 39.37, 0, 270],
		[905, "U4_15", 2070.43, -2217.88, "T", "SMD", "GND", "GND", "R", 7.87, 39.37, 0, 270],
		[906, "U4_16", 2070.43, -2202.13, "T", "SMD", "5VDC", "", "R", 7.87, 39.37, 0, 270],
		[907, "U4_17", 2070.43, -2186.38, "T", "SMD", "U4_17", "", "R", 7.87, 39.37, 0, 270],
		[908, "U4_18", 2070.43, -2170.64, "T", "SMD", "MIDI_OUT", "", "R", 7.87, 39.37, 0, 270],
		[909, "U4_19", 2070.43, -2154.88, "T", "SMD", "MIDI_IN", "", "R", 7.87, 39.37, 0, 270],
		[910, "U4_20", 2070.43, -2139.14, "T", "SMD", "LEDCNTRL", "", "R", 7.87, 39.37, 0, 270],
		[911, "U5_1", 2795, -1925, "T", "DIP", "U5_1", "", "R", 59.05, 59.05, 35.43, 90],
		[912, "U5_1", 2795, -1925, "B", "DIP", "U5_1", "", "R", 59.05, 59.05, 35.43, 90],
		[913, "U5_2", 2795, -1825, "T", "DIP", "$1N6", "", "C", 59.05, 59.05, 35.43, 180],
		[914, "U5_2", 2795, -1825, "B", "DIP", "$1N6", "", "C", 59.05, 59.05, 35.43, 180],
		[915, "U5_3", 2795, -1725, "T", "DIP", "$1N97", "", "C", 59.05, 59.05, 35.43, 180],
		[916, "U5_3", 2795, -1725, "B", "DIP", "$1N97", "", "C", 59.05, 59.05, 35.43, 180],
		[917, "U5_4", 2795, -1625, "T", "DIP", "U5_4", "", "C", 59.05, 59.05, 35.43, 180],
		[918, "U5_4", 2795, -1625, "B", "DIP", "U5_4", "", "C", 59.05, 59.05, 35.43, 180],
		[919, "U5_5", 2495, -1625, "T", "DIP", "GND", "GND", "C", 59.05, 59.05, 35.43, 180],
		[920, "U5_5", 2495, -1625, "B", "DIP", "GND", "GND", "C", 59.05, 59.05, 35.43, 180],
		[921, "U5_6", 2495, -1725, "T", "DIP", "MIDI_IN", "", "C", 59.05, 59.05, 35.43, 180],
		[922, "U5_6", 2495, -1725, "B", "DIP", "MIDI_IN", "", "C", 59.05, 59.05, 35.43, 180],
		[923, "U5_7", 2495, -1825, "T", "DIP", "$1N2399", "", "C", 59.05, 59.05, 35.43, 180],
		[924, "U5_7", 2495, -1825, "B", "DIP", "$1N2399", "", "C", 59.05, 59.05, 35.43, 180],
		[925, "U5_8", 2495, -1925, "T", "DIP", "5VDC", "", "C", 59.05, 59.05, 35.43, 180],
		[926, "U5_8", 2495, -1925, "B", "DIP", "5VDC", "", "C", 59.05, 59.05, 35.43, 180]
	]
}
}