{
    "authors": {
        "name": "Suga koubou",
        "url": "https://os.mbed.com/users/okini3939/"
    },
    "build": {
        "builder": "MbedLibBuilder"
    },
    "description": "Ported from Arduino MIDI libraryOrignal: http://www.arduino.cc/playground/Main/MIDILibraryuse Serial (UART)",
    "examples": [
        "https://os.mbed.com/users/okini3939/code/MIDI_sample/",
        "https://os.mbed.com/users/okini3939/code/MIDI_usb_bridge/",
        "https://os.mbed.com/users/kayekss/code/MIDI_Interpreter/",
        "https://os.mbed.com/users/kanaya/code/midi-timer/",
        "https://os.mbed.com/users/gkmaro634/code/eVY1test/",
        "https://os.mbed.com/users/ChuckTimber/code/MIDI_CW/",
        "https://os.mbed.com/users/casiotone401/code/CVtoOSCConverter/",
        "https://os.mbed.com/users/casiotone401/code/OSCtoCVConverter/",
        "https://os.mbed.com/users/ryood/code/MIDI_Display_Message/"
    ],
    "frameworks": "mbed",
    "keywords": [
        "channel",
        "midi",
        "note",
        "pitch",
        "serial",
        "uart",
        "velocity"
    ],
    "name": "MIDI",
    "platforms": "*",
    "repository": {
        "type": "hg",
        "url": "https://os.mbed.com/users/okini3939/code/MIDI/"
    },
    "version": "0.0.0+sha.0eeca7deec08"
}